comments,label
지드래곤은 난봉꾼이란...댓글도 달렸네 ㅋㅋ 이주연 학창시절 사진 보고 와라. 요즘 웬만한 여자 연예인하고 붙여놔도....미모가 최고였단다.ㅋ 5대 얼짱 출신.,none
이주연은 알겠는데 지디는 뭐하는 듣보잡여,hate
부럽네요. 나도 불과 한달전까진 허니문베이비를 꿈꿨는데 이제 다 부질없네요. 당연히 순결할거라 믿었고 그래서 첫날밤까지 기다려준건데 배신감만 듭니다. 첫날밤 와이프가 피를 안흘렸어요. 처가집식구들이 일부러 절 속였단 생각에 화도나고 어제 처가집가기로 했는데 안간다고 했더니 혼자 울고 갔다와서 지금까지 한마디도 안해요. 이혼하고 싶네요,offensive
"이주연을 모르는 애들이 많네. 해체된 애프터스쿨 멤버로 당시는 주연이 예명. 인기나 포텐은 안터졌으나, 순수미모만으로는 애프터스쿨에서 원탑이었다. 진짜 자연미인이다.",none
겨론했으면,none
이주연이 아깝다 진심,hate
방탄은 건드리지말자 인간적으로.. 해외활동 지금주터 시작인데 터지면 진짜 전 세계적으로 활짝 피기도 전에 난리난다.. 국위선양하는 떠오르는 샛별은 제발 건드리지말고.. 탄이들도 만약 연애하더라도 들키지 않길.. ㅠㅠ,none
선남선녀의 만남이네요^^,none
문재앙 또뭘덥고 싶어서 ㄷㄷㄷ,hate
주연이 아깝긴해요,offensive
지디는 아이유랑 너무 잘 어울리는데. 아쉽당~마지막은 아이유랑 해 주세요~ 인류의 축복을 위해서^^,none
오빠 좀 괴롭지 마요,offensive
너희 실수했어 사람 잘못골랐어 이거 오보야,offensive
모두가 거짓기사임..같이 찍은 사진도 없고 지디가 아니라고 분명히 못을 박았음..집근처 사진은 나도 하겠다..구하라 설리도 연합했니? 사진보니 친구인거 같던데? 여기서 왜나와? 이제 안되니까 치밀하게 계획해서 몰아가기 알바쓰고 제대로 한건 크게 관종짓을 했네..ㅉㅉ..알바들이나 믿지..대중은 안 믿어...스쳐간 인연 스토커짓 이제 접어라...제발~~~,hate
문재앙이 발악하고 있네,hate
매력적이네 친구가 참 여자여자네,none
이주연 진짜 예쁘긴함 ㅇㅇ,none
솔직히 사귀던가 말던가 상관없지만 사실만 말하면 저날 승리가 펜션에 놀러간걸로 알고있는데..? 단둘이서 노는데 눈치없이 펜션에 놀러갔을까? 게다가 지디보다 매니져랑 찍힌 사진이 더 많은걸보니 매니져랑 사귀는거 아님?,offensive
"주연이는 구혜선,박한별과 함께....5대 얼짱이었는데...무슨 급이 안맞다고 지롤떠냐?? 악플다는 니들 지드래곤 빠순이들은....거울도 안보냐?? 니가 더 이뻐??? 양심껏 대답해봐 ㅋㅋㅋ",hate
모두가 거짓기사임..같이 찍은 사진도 없고 지디가 아니라고 분명히 못을 박았음..집근처 사진은 나도 하겠다..구하라 설리도 연합했니? 사진보니 친구인거 같던데? 여기서 왜나와? 이제 안되니까 치밀하게 계획해서 몰아가기 알바쓰고 제대로 한건 크게 관종짓을 했네..ㅉㅉ..알바들이나 믿지..대중은 안 믿어..완전 스토커 여자라도 소름끼친다.,hate
모두가 거짓기사임..같이 찍은 사진도 없고 지디가 아니라고 분명히 못을 박았음..집근처 사진은 나도 하겠다.. 이제 안되니까 치밀하게 계획해서 몰아가기 알바쓰고 제대로 한건 크게 관종짓을 했네..ㅉㅉ..알바들이나 믿지..대중은 안 믿어...스쳐간 인연이니 이제는 스토커 그만해 ...제발~~~지디 이주연 고소해라..허위 날조 기사,hate
지디가 아이유도 건드리지 않았을까? 아이유가 안넘어왔을듯,none
이주연 이보크 타이어만도 못한녀들이 급이 어떻고 사람보는눈이 없네 마네하는걸 보니 기가 차다 기가차 ㅋㅋㅋ 콩깍지좀 벗고 주제파악 좀 하자,hate
뭘 실망이야 OOO아 지드래곤 안사귀는 줄 알았잖아 빠순이들아ㅋㅋㅋㅋ,hate
여자들이 주연이 너무 깐다.ㅋㅋㅋ~ 아무리 지디빠라지만 같은 여자끼리 감싸줘라 ㅎㅎ,offensive
둘이 좋아서 사귄다는데 급 매기는 사람들 웰케 많냐.. 그렇다고 저 정도 외모에 돈 이상으로 가진 것도 아니면서,offensive
새해부터 이주연 깎아 내리느라 수고한다. 이주연 발톱 때보다 못생긴 오크 쿵쾅녀들아 ㅋㅋㅋ,hate
이주연님 성격 진짜 좋아보이던데 ! 예쁜연애 하시길 바래요 ❤️,none
이준 정소미기사는 사실/ 지디 이주연 기사는 거짓...사진도 글도 너무 비교되고..이주연이 관종짓을 이번엔 크게 하고 있음...모두 믿지 마세요..거짓말임..이젠 발목잡기 틀렸으니까 복수하는 것임..이게 팩트임..아주 가지가지 하고있음..구하라 설리도 연합했나? 글에 이름이..저번에 같이 사진도 찍고 친구인가 본데..,hate
문재인정부가 뭘 덮으려고 이주연에 정소민까지 빵빵 터트리네요 하지만 깨시민들은 이런 저질스러운 연예인 돌려막기에 현혹되지 않습니다!!! 무한rt!!!!,hate
새해 첫날부터 문재인정부는 뭘 덮으려고 이런 기사를 터뜨린거죠?,hate
산불재앙 또 감추려고 열애설 터뜨렸네;; 하여간에 이 정부는... 어휴.. 답이 없다 답이 없어;;;,hate
이주연님 되게 이쁘시다 오빠 오래가요 잘어울려 주연님 울오빠 잘부탁해요,none
이주연 이쁜데왜~~~ 결혼까지해라 태양처럼,none
지디 실망이네.. 개념 스시녀만 사귀는줄 알았는데 김치녀 사귀노..,hate
어울령.주연씨도 길고 세련된 느낌이라 ~~hate세는 큰 지디면 대박일듯,none
우리지용이는 그누구랑 사귀어도 이지랄들일꺼야ㅠㅠ,offensive
지드래곤 이쁜여자 잡았으니까 땡잡았다고 본다.,none
지디마약사건으로 사람들이 욕하는데 마약이 솔직히 왜 나쁜거냐고 물으면 다들 아무도 대답못함. 내 미국인친구도 코카인흡입이 나쁘다고 하길래 그게 왜 나쁘냐고 물으니까 그냥 나쁘지.. 사람의 정신을 몽롱하게 만들고... 이렇게 말함.. 결국 명쾌한 답변을 아무도 못해. 지디야 힘내렴! 여기가 북한이냐? 대마초하건말건 뭔상관이냐,offensive
정부가 뭘 또 숨길려고 새해부터 열애설 터트릴까요?,offensive
헐 디패 대박ㄷㄷㄷ,none
진짜 연인관계가 맞다면 예쁜사랑하세요~응원하겠습니다:),none
지디 부럽다 ...모든 hatenone대 여자 다 만날 능력돼서 ㅋㅋㅋ,none
성공하려면 아랫도리 마구 굴려야지 ㅋㅋ,hate
그지근성인 여자 안 만나서 다행,offensive
관심없고 지디의 블랙카드가 아까울뿐이다ㅋ,offensive
우리 뷔오빠가 더 낳다,offensive
어리고 이쁘고 가슴큰 여자들 널렸고... 지디 정도면 아무나 골라서 사귈 수 있을텐데... 왜 연상에... 심지어 자기보다 키도 큰 여자를 만나는 건지...,offensive
모두가 거짓기사임..같이 찍은 사진도 없고 지디가 아니라고 분명히 못을 박았음..집근처 사진은 나도 하겠다..구하라 설리도 연합했니? 사진보니 친구인거 같던데? 여기서 왜나와? 이제 안되니까 치밀하게 계획해서 몰아가기 알바쓰고 제대로 한건 크게 관종짓을 했네..ㅉㅉ..알바들이나 믿지..대중은 안 믿어...스쳐간 인연이니 이제는 스토커 그만해 ...제발~~~,offensive
새해부터 개 offensivenone같은 소리하지마라. 기자쉐이야.....개소리 왈왈하다간 주둥이 짖쪄버린다.,hate
문재앙 대체 뭐 덮으려고!,hate
이니가 또 뭘 숨기려고 새해부터 쏟아내나 이게 나라냐...,hate
디스패치 고소당했으면 좋겠다. 시작하는 연인들 깽판치고 저작권있는 사람들 사진 동의없이 개재하고 광고 수익가져가고. 갑질까지 하고 개 쓰렉이들,hate
와 지디씨 주연씨 선남선녀커플이네요 무술년 hatenoneoffensive8새해 offensive호 연예인 커플 이쁜 사랑하시구 오래오래가세요 !!,none
너무 부럽네여 지용오빠 돈두 엄청 많을텐데ㅠ 에휴... 남친도 그렇지만 남자들은 이상해.... 지들차에 쓰는 3nonenone은 아무렇지도 않게쓰면서 왜 백사주는 offensive5none은 아까워하나요?? 남자들에게 차가 자존심이듯이 여자들에게는 백이 자존심이라고요~~,offensive
사실 gd가 남자로서 매력적이진 않지 루저 잖아 키offensive7none인 주연일 사귀는걸 영광으로 알아라,offensive
지디는. 아이유랑 잘어울리던데 내가 다 아쉽네,none
지디는 키가 작아도너네와 달리 얼굴 작고 비율 좋아서개쩌는데너네는 얼굴은 ㅈ같고 대가리는 돌같이 커서 무시당하지ㄷᆢ,hate
이준 정소민 처럼 같이 찍은 사진을 내보내야 믿지..집근처 가서 찍은 사진은 나도 그렇게 하겠다....구하라 설리 열애설이 나오는거 보니 이주연 동참 마지막으로 복수하나보네 셋이서..얼마전 셋이 같이 찍은 사진 있더만...여러분 모두 거짓이니 믿지마셈.. 예전 잠깐 스쳐간 인연들인데 발목잡으려 거짓기사 쓰고 있는것임...가지가지 한다 이주연..ㅉㅉㅉ대중이 다 모를것 같지?,offensive
시집 장가갈 나이 됐구나~ 둘이 좋으면 결혼해라^^,none
대마쟁이 빠순이들 부들부들 이주연이 나쁜년이야 빼액!,hate
종현이도 너네들의 악플 때문에 고생 했는데또 하고있네너네는 왜 발전이 없니?아니면 가정교육을 못 받은거니?,hate
괜찮음 열심히 사랑해요이번년도도 좋은 노래 기대할게요,none
키코 아닌게 다행인데 차라리 이주연이 낫다,offensive
저거 다 구라임. 저번 처럼 사진 짜집기 해서 관종짓 하는거니 믿지마시길 다들..,offensive
노콘이 최고다 정말 사랑해서 콘돔을 쓴다는건 구라다 옥황상제랑 하이파이브한 기분이다,hate
여기서 빅뱅 까는 것들은 메이비 방탄빠들인가,offensive
결혼해~ 짝 결혼해~ 짝,none
와.... 정부에서 뭘 덮을려고 이러는지...,hate
"친딸 고준희를 때려죽이고나서 낄낄대며 프라모델 인스타 올리고 가족여행 다니고 이웃에 딸 생일 먹여주고 남은 거라며 미역국 돌리고 경찰서에 가서 ""나는 딸이 없으면 못산다 내 딸 찾아달라"" 울부짖은 친부 고병식은 전라디언, 오유와 루리웹 회원, 5.offensive8폭동을 민주화운동이라고 날조미화홍보, 민주노총 금속노조원, 좋아하는 음식은 홍어와 일본술, 정치성향은 문재인 김대중 노무현 지지하고 박근혜 이명박 증오. 그러고보니 hateAM 이준도 부모가 전라도이고 박근혜 탄핵구속하고 문재인 집권시키자며 촛불시위했었지. 이준과 고병식이 유사점이 많네.",hate
솔직히 수지보다 이쁘다 ㅇㅈ?,hate
이주연 서민티 졸라나 ㅋㅋ 지디는 갤러리아포레 사는데 구리구리하게 구리시 사냐 ㅋㅋ,hate
모두가 거짓기사임..같이 찍은 사진도 없고 지디가 아니라고 분명히 못을 박았음..집근처 사진은 나도 하겠다..구하라 설리도 연합했니? 사진보니 친구인거 같던데? 여기서 왜나와? 이제 안되니까 치밀하게 계획해서 몰아가기 알바쓰고 제대로 한건 크게 관종짓을 했네..ㅉㅉ..알바들이나 믿지..대중은 안 믿어..,hate
작고 지디 궁합 맞나보넹이주연이 좁,hate
기레기 기자야..거짓 조작시사 내면 콩밥 먹는거 알지? 이주연 이관종 기레기..아휴 어떻게 이런 여우한테 걸려서..스토커처럼 무서울것 같다..거짓 기사니 믿지마세요,hate
GD 모욕에 성희롱하시는분들 캡쳐해서 소속사로 바로 보내는 중임 발견 즉시 계속보내는중임 ㅎ offensivenone명중 offensive명은 경찰소환되실듯,offensive
세상에서 제일 예쁜 이주연!,none
지디가 아니라 지디 매니져랑 사귄데,none
"정치, 과학, 사회 관련 기사의 댓글과 관심도 남자95% 여자 5%, 연예관련 기사의 댓글과 관심도 여자 7none~9none% ㅋㅋㅋㅋㅋㅋㅋ 실화냐? 이러니까 여자들 평균임금과 요직 비율이 낮지 ㅋㅋㅋ 근데 차별핑계 오지게 대더라 ㅋㅋ",offensive
약물검사 두배가 드나가 핵심?,offensive
딱봐도 엔조이구만 ㅋ 남자색휘들은 잘 알듯~고대로 딱 그만큼 행동하네 ㅎㅎ,offensive
지디와 이주연은 조심 또 조심할 수 밖에 없었다 는걸 알면서도ㅋㅋㅋㅋㅋ이렇게 스토킹 하죠?ㅋㅋㅋㅋㅋㅋ악질 디패ㅋㅋㅋ악질 스토킹 해놓고 마지막은 그가 더이상 외롭질 않길 바란댘ㅋㅋㅋㅋㅋ존웃ㅋㅋㅋㅋㅋㅋ그러면 연예인들 뒷꽁무늬 좀 고만 따라다녀. 아이돌들이 왜 숨어서 연애해야되니.. 니들 파파라치 때문이잖아. 쟤네 숨좀 쉬게 해줘라. 없던 정신병도 당연히 생기겟다.,hate
빅뱅 군대가는게 더 슬프다,none
완전멕이네 ㅋㅋㅋㅋㅋㅋㅋㅋㅋ 팬들알고있었던척 덤덤한척 지리고요 ㅋㅋㅋㅋㅋㅋ지디는 왜 매니저 귀찮게 만드냐 ㅉㅉ한심한놈,offensive
이준 정소미기사는 사실 지디 이주연 기사는 거짓...사진도 글도 너무 비교되고..이주연이 관종짓을 이번엔 크게 하고 있음...모두 믿지 마세요..거짓말임..이젠 발목잡기 틀렸으니까 복수하는 것임..이게 팩트,hate
축하해요~~,none
또라이년들 니년들이 아니야 아닐거야 하면 뭐가 달라짐 ? 병신 같은년들 권지용이란 사람은 연애도 하면 안됨 ? 지금 쟤나이가 3none인데 그냥 팬이면 팬답게 응원 못해줄 망정 개또라이년들 하여간 니년들 죄다 정신병원에 처 들어가야함,hate
와 팬들도 멋있고 지디도 멋있는듯 서로 행복하길 바라고있어..,none
이제좀사겨도되는나이다.지디도.잘만나서결혼하길.태양처럼.,none
연애좀 하면 어때서 그들도 사람인데 우리나라 연애인은 참 불쌍햐~사생활 침해를 너무 받는듯~,none
스쳐간 인연 여자들이 연합해서 복수하나보다..돈 모아서 알바들 겁나 풀었나 보네..무섭다 여우상 여자들..같이 찍은 사진 하나도 없이 집근처 가서 찍은사진으로 열애설이나 내고...아는사람들은 거짓인거 다 안다,offensive
지디 퇴물이라서 재미없다,hate
뭐냐?? 이거였어?? 급이 너무 낮은데?? 뭐 어쩌라고?? 유명 배우나 유명 아이돌인줄 알았더니 한물 정도가 아니라 두물 세물 정도는 간 애네 -_- 여자는 진짜 이름도 첨 들어봄,offensive
엑소는 안된다..ㅠ,none
새해입니다 저양반들이 사귀던 말던 그건 저양반들 사정이고 여러분들 작년수고들 많이 하셨고 올한해도 모두 평범히 살면서 hatenoneoffensive9년을 맞이합시다 우리모두의 소원은 그저 평범히살다가 호상하는것입니다,offensive
그네시절은 연예인 열애설 나면 그네가 무언갈 덮으려고 한다면서 ㅋ ㅈㄹ 했자나? 이니는 뭘 숨기려고 터뜨릴까..??,hate
주연이가 너무 아까워... 정말 예쁜데... 만날때 힐도 못신고 단화만 신어야될거 아니야... 남자가 offensive7none은 안되더라도 최소한 offensive65는 넘어야지 ㅉㅉ...,offensive
문재앙 정권 이번엔 또 뭘 숨기려고?,hate
지드래곤은.. 현 대한민국 연예인 탑3 라 생각한다.,none
"이새끼들 누군진 모르지만 일부러 offensive월 offensive일에 터뜨리네 ㅋㅋ 그리고 남성은 출신 대학과 경제력으로,여자는 나이와 얼굴,가슴으로 평가하는 것이다.",offensive
이준이 누구야;; 배우라는디 누구지..전소민덕분에 이름 알린다 ..,offensive
이거 욕이아닌데..이준씨 열애설 한번 나서 우결 종료되지 않았나요?,none
여자의 가슴 사이즈는 남편의 경제력과 상관관계가 있다는 연구 결과가 있어요,none
이준은..오연서껀데ㅠㅠ,none
이준 전소민이 낳냐 쥐디 이주현이 낳냐,offensive
정부에서 뭔가를 숨기려고 터뜨린거랑께요!@ 빼앧!!!!!!,hate
광수버리고 이준한테 가는건가 런닝맨에서 케미 오진대,offensive
정소민 별로덴 이름 바꿔라 재수없는년 닮아서 기분나쁘다,hate
정소민 초대박 스타가 될수있었는데 인생 꼬엿네,offensive
에이그 정소민 이제야 겨우 런닝맨으로 주목 받고있는데 열애설터졌네,none
존못커플,hate
촛불들던 정신나간 놈,hate
지디에 비해 너무 급떨어지네,offensive
난 왜 안어울리는것 같지,offensive
이준 군대 안가냐? 소민이 넘 아깝다,offensive
정소민 가슴도 크고 예쁘더라,none
여자 비주얼이 좀...,offensive
소민이가 너무 아깝다. 잘가라 소민. 너의 입술로..,offensive
오연서랑 우결해쓰면서 오연서는??,offensive
이니 폐악질을 덮기엔 이정도론 약하지라,hate
역시 설현 미만 잡이네...,offensive
윤현민에 이준까지...대다나다. 암튼 행쇼. 오로라공주부터 런닝맨까지 잘되서 다행이우,offensive
너무 부럽네여 이준 오빠 돈두 엄청 많을텐데ㅠ 에휴... 남친도 그렇지만 남자들은 이상해.... 지들차에 쓰는 3nonenone은 아무렇지도 않게쓰면서 왜 백사주는 offensive5none은 아까워하나요?? 남자들에게 차가 자존심이듯이 여자들에게는 백이 자존심이라고요~~,hate
저날 반했나봐 전소민 한쪽 가슴 보이겠다 되게 야하게 입었네,offensive
이준 노양심이네 이러려고 엠블랙 나갛나,offensive
지디커플한테 밀렸어,offensive
척척 찍 응애~,hate
야가~~~ 얼굴이 커서 배수지랑 닮은듯 ㅋㅋㅋㅋ,hate
어쩌라는거지?? 나랑뭔상관?,none
했냐?,offensive
이준 비호감,hate
이준 못생겼노 정소민불쌍,hate
누군진모르지만ㅇㅋ,none
이준이 아깝지..,offensive
연예계는 동물에왕국맞네 한낮조연 나부랭이가 연기는안하고 연기한답시고 여자나 꼬셔서 지 군대가는 욕구풀이로 한번씩 할려고 여자곰신 만들었네,hate
전소민인줄 알고 놀랬잖아 꼴뚜기같이 생긴게 열애설이냐다스는 누구꺼냐,hate
근데 이준이 좀 덜떨어진애 아닌가 김종민과,offensive
정소민이 아깝다,offensive
설현미만잡.....,offensive
이준 돈쓰는거 쪼잔하다고소문낫는데,offensive
이준 취향 독특하네&?#,offensive
이준 짠돌이가 명품 사준 줄 알았더니 정소민이 사준거였어?,offensive
정소민 솔직히 연예인 할만큼 이쁘지않음,hate
"친딸 고준희를 때려죽이고나서 낄낄대며 프라모델 인스타 올리고 가족여행 다니고 이웃에 딸 생일 먹여주고 남은 거라며 미역국 돌리고 경찰서에 가서 ""나는 딸이 없으면 못산다 내 딸 찾아달라"" 울부짖은 친부 고병식은 전라디언, 오유와 루리웹 회원, 5.offensive8폭동을 민주화운동이라고 날조미화홍보, 민주노총 금속노조원, 좋아하는 음식은 홍어와 일본술, 정치성향은 문재인 김대중 노무현 지지하고 박근혜 이명박 증오. 그러고보니 hateAM 이준도 부모가 전라도이고 박근혜 탄핵구속하고 문재인 집권시키자며 촛불시위했었지. 이준과 고병식이 유사점이 많네.",hate
헐ㅋㅋ뭔가 안어울림...,offensive
이러다 헤어지면 정소민만 불쌍해 지는거 아님?,offensive
떡중이라 헤라,hate
이준 결별하면 총에 맞아 죽을 듯. 그렇게 참고 참더니 하필 얘라니. 얘는 결별하면 총으로 쏘는 애인데.,hate
여자존못인데,hate
부럽네요. 나도 불과 한달전까진 허니문베이비를 꿈꿨는데 이제 다 부질없네요. 당연히 순결할거라 믿었고 그래서 첫날밤까지 기다려준건데 배신감만 듭니다. 첫날밤 와이프가 피를 안흘렸어요. 처가집식구들이 일부러 절 속였단 생각에 화도나고 어제 처가집가기로 했는데 안간다고 했더니 혼자 울고 갔다와서 지금까지 한마디도 안해요. 이혼하고 싶네요,hate
와 문재인정부가 뭘 덮으려고 이주연에 정소민까지 빵빵 터트리네요하지만 깨시민들은 이런 저질스러운 연예인 돌려막기에 현혹되지 않습니다!!! 무한rt!!!!,hate
너무. 안 어울려요 ...,hate
이아줌마는 뉴규??????????????,offensive
뭐 비리 덮을거 터졌나 새해부터 뭔 기사를 이리 터트리지???,offensive
정소민이 아깝...,offensive
머리큰 사기꾼 언플쩌네,offensive
이준도 동물의 왕국으로 들어가네 ....,offensive
예쁘진않네 아이린미만잡,offensive
누가 먼저냐??? 이준이냐 지드래곤이냐???기레기들 자기께 먼저라고 난리네~~ㅋ 관심도 없다,offensive
신년인데 뭘또 가릴라고 열애설을 터트리는거야국정원 정신나갓냐 일 이따구로 밖에 못해??? 이제 일좀 제대로 해야지 아직도 박그네 수족이 남자있는거야???,hate
얘네나 지디나 솔직히 예상 할 수 있던 거라 놀랍진 않다,offensive
"이병헌, 송혜교가 참 어울리는 커플이었지. 공개연애? 미친짓이야. 영원할거 같아?",offensive
offensivenonenone일도 안지났네? 깨진다에 손모가지 건다.,offensive
전소민이 와꾸 몸매좋지 정소민은 좀 아니지않나 그래도 군신분이니 hate년동안 찰지게 하겠네 축하한다,offensive
연예인 기사에 댓글 잘 안 달지만 그래도 너무한거 아닌가? 남친 연락은 죽어라 안받고 잠수이별 하더니 그게 이준 때문이었나? 남의 눈에 눈물나게 하면 내 눈에는 피눈물 나요 소민씨. 어차피 이 댓글도 묻히겄지-.-,hate
힝~ 이번생은 첨이라. . 에서 이민기 랑도 참 잘어울렸었는뎅. . ^^,none
준이 잘해?,offensive
뭘덮으려고,hate
응 금방 헤어짐,offensive
찢어지세요 안어울려요,hate
비급은 비급끼리 만나는 저런 커풀이 그래도 결혼확율 높다,offensive
별로 누구랑사귀는지 궁금하지도 안은새끼들,offensive
동물의왕국,offensive
김현중의 그녀가 야냐 아니냐,none
남자 비호감...,offensive
정소민이 누구요,offensive
아이돌은 동물의 왕국,offensive
그나저나 이 커플이 offensive호냐? 아니면 쥐드래곤이 offensive호냐??,none
핵 떨어져라,hate
이번년도안에 결별기사나올꺼같은데,offensive
정소민이 아깝다~,offensive
별로 인기없는 애들이라 화나요가 없네 지디는 화나요 투성이더만,offensive
펜션에 갔던 그 여자가? 수건 많이 썼다고 전해 들었다,offensive
엠블랙은 버린거니 이준아...,none
정부가 뭘 또 숨길려고 새해부터 열애설을 터트릴까요?,hate
"근데 이준 군대 가있지 않음? 송혜교, 보아, 박한별, 최지우 죄다 안 기다리고 끝내더만. 박한별은 두번이네",offensive
나도 연예인이나 하는건데 법대가야된다는 압박에 지금은 파지줍고있지 꽃보다거지 ㅇㅈ?,offensive
동물의 왕국에서 또 한쌍의 암수가..,offensive
이민기랑 더 잘어울리던데..,offensive
뜬금없네 ㅡㅡ,offensive
설자리가 없으면 열애설이라도,offensive
헉...그럼 소민이가,offensive
이준도 자기가 말한대로 동물의 왕국처럼 헤어지면 꿀잼이겠네 ㅋㅋㅋㅋㅋ,hate
좀사귀다가 바빠서결별 성격차,offensive
정소민 ㅜㅜ 아깝다...,offensive
아 뭐야 ㅋㅋㅋ 결국 이민기같은 연륜보단 이준같은 비글을 택한 건가 ㅋㅋㅋ 전에 티비에서 분명 그렇게 말했었는데,offensive
군대에서는 치마만 걸치면 여자 @@,offensive
어차피 군제대후에 헤어질거 뻔한 스토리 아니니 그냥 욕구충족 면회 비서 넌제발 머리좀 비서,hate
한창 뜨겁게 하루에도 몇번씩 온몸을 불태우고 불태울 때로군.... 물들어 올때 노 저어라고 열심히 노를 저으소,hate
부럽네요. 나도 불과 한달전까진 허니문베이비를 꿈꿨는데 이제 다 부질없네요. 당연히 순결할거라 믿었고 그래서 첫날밤까지 기다려준건데 배신감만 듭니다. 첫날밤 와이프가 피를 안흘렸어요. 처가집식구들이 일부러 절 속였단 생각에 화도나고 어제 처가집가기로 했는데 안간다고 했더니 혼자 울고 갔다와서 지금까지 한마디도 안해요. 이혼하고 싶네요,hate
어뜩하냐 팬들이 이렇게나 관심이 없어가지고 이준은 그렇다 쳐도 정소민은 망햇네 이게 연예인들의 열애설 터지면 피해보는게 여배우 쪽이니 쯧쯧 정소민은 아깝다 뜰줄 알았는데 이번 열애설로 망해서 수지 열애설 터진날 제이와이피 주식 반토막 난거 알지? 그런거야 정소민은 진짜 아깝다 ㅋㅋㅋ 님도 잘가요 아침드라마에서 봐요ㅋㅋㅋㅋㅋㅋㅋㅋㅋㅋ,hate
근대 쟤네 누구임?배우임?,offensive
뭐야 이준 별론데 정소민 아까워 하지만 연애하는 모습 너무 사랑스럽긴하네 나도 하고싶다,offensive
이준..! 오연서껀데ㅜㅜ,offensive
정소민이 누구에요??,offensive
송중기.송혜교급은 돼야지 얘넨 뭐꼬 ? ㅋㅋㅋㅋㅋ,offensive
정소민 내보내지마라 짜증난다 누구닮아서 별로다,hate
윤은혜 닮은꼴 정소민 아니야???,offensive
아니왜 서민차 bmw 몰고다니냐 쪽팔리게;,hate
이민기랑 어울리는데.. ㅠㅠ,none
hatenoneoffensive8년9월offensivehate일 offensive년간교제후 결별 서로좋은 동료로 남기로~~가즈아~~~,offensive
둘 다 모르겠다. 런닝맨 나오는 소민인가 했더니 아니군.,offensive
침대위에선 뜨끈뜨끈~~,hate
나이 틀렸다 이준이 더 어려 ㅡㅡ,offensive
군인.. 운전하면 안되지 않나?,offensive
군인은 운전금진데 저거 영창감인데 국방부에 신고하세요 디페,offensive
진짜 궁금해서 그러는데 이준씨가 군복무 중인데 그럼 휴가나와도 군복을 입고 다녀야 하는거 아닌가요? 사진에는 사복 같은데... 신병 휴가라서 그런건가요?,offensive
세상좋아졌다 청담동이 니들이 있을곳이아닌데ㅋㅋㅋ,offensive
새해첫 스캔들이 hate개나 터졌는데 생각보다 파급력이 낮네...,none
근데 이준이 누구냐?,offensive
넘약하다 탑스타도아니고 다른거풀자,offensive
동물의 왕국이구나,offensive
이준보다 이민기랑 더 잘 어울렸는데 ㅠ 그래도 이쁜 연애 하세요~,none
남자보다 여자들이 좋아하는 정소민.. 결론은 예쁜여자는 아니라는 사실,offensive
런닝맨 걔?,none
휴가기간동안 성 엄청 즐기겠군,offensive
정소민 나쁜남자에서 김남길 죽임 ㅠㅡㅠ,none
이준이 여친사귄건 정말 축하할일. . 근데 왜 하필 정소민인지. . 정소민스캔들 많이난 탤런트중 한명인데 홍기하고 헤어진지도 얼마안된것같구. . 이커플 오래못갈듯. .,offensive
런닝맨 망했네. 이광수 전소민으로 버텼는데,offensive
앞으로 성관계 하는거 확정샷 아니면 연인관계라고 언플하지마라,hate
깨끗한 이준 .. 그나마 호감이었는데..너마저 ㅠ ㅠ,offensive
연애인드른 다 이러냐 이준기도 ㄱㄱ개바람둥,offensive
문재앙좀보소 ㄷㄷㄷㄷ 모든재앙을 다덮네,hate
이렇게 종현오빠는 잊혀지겠지..,none
이준씨 별로 인지도없으니까 얼굴까고다니셔도 되요 ㅋ 누가보면 지가 톱스타인줄,offensive
설현미만잡.......,offensive
했네 했어~~~~~,none
실망이네ㅋㅋ니가 연예계는 동물의 왕국이라고 연예인이랑은 절대 연애안할거라며?니도 똑같은 딴따라인데 기대한 내가 바보지ㅋㅋ,offensive
저런애도 뱀다블 타고 다니네;;,offensive
이게 컨셉사진이지 파파라치컷이냐 미띤 에라이 패치야,hate
이거로 정치인들과 기업인들 스캔들 덮고 있것지 ㅡㅡ;;,offensive
너무 부럽네여 이준 오빠 돈두 엄청 많을텐데ㅠ 에휴... 남친도 그렇지만 남자들은 이상해.... 지들차에 쓰는 3nonenone은 아무렇지도 않게쓰면서 왜 백사주는 offensive5none은 아까워하나요?? 남자들에게 차가 자존심이듯이 여자들에게는 백이 자존심이라고요~~,hate
조망간 헤어진다고 말이나오겠지,offensive
군바리가 운전이라니...,offensive
길어야 6개월 뻔하지 뭐 연예인들,offensive
둘다 듣보라...;;; 디스패치는 지디만 팻어도 충분할텐데 굳이 저런 듣보들을 왜 패는지...,offensive
이민기랑 이루어지길 바랬는데,none
군대가면 끝날듯,offensive
누구..지?,none
별관심도없다 몬데 계속 도배기사내냐,offensive
강도도 아니고...,none
듣보들이 왜 얼굴을 가려,offensive
정소민...처음이라서 마지막회...싸이코패스...그 여운이 가시질 않네 ~이미지 좋았는데 ...,none
연애질을하던 임신을하던 관심읍다 이런게 머 기사꺼리라고!,offensive
제대하면 끝,none
정소민 그간 즐거웠다 잘가라... 어흑,offensive
장나라 손호준도 한건 부탁해요....좋은 소식 있었으면 좋겠다.. 그 둘은 격하게 응원할거임..,none
했겠지?,offensive
기린형은 어떻게하고 정소민 진짜 성격 이상하네 선긋던가,offensive
여러저러 핑계로 곧 결별에 한표,offensive
사기꾼들,offensive
데이트할때 밥값 커피값 티켓 다 정소민이 내냐?,offensive
이준도 역시 동물의왕국이엇네...,offensive
군인이 차를 몰수 있나요?,offensive
군인이 운전하면 안되지 않나...,offensive
남녀주인공들 실제 배꼽못맞추게 법안 만들어라 이건 뭐 죄다 그러니ㅉㅉ,hate
이준씨 연느는 어쩌구요,none
이건 더 노잼에 약해ㅠㅠ간보지 말고 그냥 깔끔하게 기사내고 끝내라!!!,offensive
동물의 왕국이네 이년아,hate
ㅅㅅ했겠네가 삭제될일이냐 좌이버야 초성만 써도 삭제되네? ㅅㅅ가 뭔줄알고? 지혼자상상하고 삭제하는거야? 상상했겠네 세수했겠네인데? ㅋㅋㅋㅋㅋㅋㅋㅋㅋ,hate
문재인씨가 열애설로뭘덮으라고 시키든?,hate
정소민이좀아깝지,offensive
응..~관심없어,offensive
사진들이 약하긴함,none
군인이 휴가 중에 운전을 해도 되나?,offensive
일반사병이 휴가때운전이가능했엇나....?기억이가물가물..,offensive
헐 탈덕해야지 페북인스타 언팔합니다 ㅠ,none
정소민은 누구고 이준은 또 누구임? 나만 모르냐?,offensive
도둑놈이라 옷이 와절노 ㅋㅋ,offensive
전소민인줄..정소민은 누구냐? 관심없고 빨리 지대갈x주연 인정 좀,offensive
댓글 성비 계집 압도적인거 보소 ㅉㅉ 남 사생활이나 보고 키드득 ㅉㅉ,hate
비처럼 휴가 너무 많이 나오면 안됨,offensive
군인이 운전 가능한가요?,offensive
끄져,hate
안가려도 되는데 오바는,offensive
댓글들머지?돈주고 사람쓴거같은데 ㅋㅋ 전다지 잘어울린다네 ;;;ㅋㅋ,offensive
왠지 설정 같다. 계획하고 날짜되면 터트리는... 컨셉하고는,offensive
정부가 대체 뭘 숨기려고!!,hate
정소민이 이준보다 겨우 한살 아래인데 이준이 너무 손해보는것 같다. 이준같은 연예인이라면 여러 여자들 만나면서 대충 연애하다가 나중에 4none넘으면 offensive4~offensive8살정도 어린 여자와 결혼하는게 정석이다,hate
그냥 오연서랑 사귀지,offensive
이준씨 별로 인지도없는데 그냥 얼굴까고다니셔도되요 ㅋ 길거리서 아는사람 거의없을껄?ㅋㅋ누가보면 지주제에 톱스타인줄,hate
여자라는건 그냥 단지 한두번 욕정의 물을 비우기 위한 도구에 지나지 않는데 왜 자꾸들 연애를 할까..? 연애를 해주지 않으면 눕힐수 없으니까? 아님 이 여자만에게 평생 뿌려주고 싶어서? 다 부질없는 순간적 감정이다.. 지금은 이 여자 아니면 죽을것 같아도 결국 말그래도 '지금' 뿐이다. 그리고 그 순간을 넘기면 어느덧 눈가에 주름이 늘어가는 늙어가는 퇴물의 모습만이 눈앞에 서서 나를 갉아먹으려 하는 퇴물만 남겠지.,hate
노출들을못해서 안달인가? 평범한원피스인데 한쪽어깨는 대체 왜내리는거야? 억지로내린티나나네,hate
응헤어져,offensive
곧 헤어진다 .,offensive
솔직히 되게 안어울리는 커플이다 오래못갈듯,offensive
정소민바보...남자깔렷는데 군바리랑만나냐..,offensive
너도 동물의 왕국 입성이냐,hate
응 지디 미만잡ㅋㅋ 왠 듣보잡들이여,offensive
니 꿈만을 위해 남은 멤버들에게 상처만 가득 입힌 너라서 정말 티비에서 볼때마다 힘들었어. 엠블랙은 결국 너보단 성공하지 못한 그룹이니까 사람들은 지금 배우로 성공한 니 모습만 보겠지. 그래서 참 원망스러웠어. 그래도 예전에 좋아했던 너라서 새해에 이렇게 사생활이 공개된건 참 안타깝다. 좋은 사람과 예쁜 연애 하길 바래,offensive
뭐가 아쉬워서 이준같은 애를.......,offensive
이준이 잘생긴거임?? 이특 닮았는데,none
이민기랑 전소민 너무 잘어울렸었는데..아숩다..그래도 이뿌게 사귀길~,none
헐 ㅋㅋ 광수랑 러브라인 재밌었는데 이제 못보겠네,none
약하다!! 다른 커플있으면 더 올려줘요!!!,offensive
이준은 오연서껀데....,offensive
오래 못갈 것 같은데 곰신 ㅜㅠ 소민씨 화이팅!!,none
휴가나와서 겁나 했겠네 ㅠ 이준 부럽다,hate
했을까? 했겠지?,hate
이민기랑 사귈줄 알았는대..ㅎ,none
이준이 너무 많이 아까운거같은데..,offensive
결국 이준도 동물의 왕국 동물중 하나였구만,offensive
잘못하면 찌찌 나올라!!옷이 흘러내리네,hate
정소민은 강기탄과 어울렷는데,none
직장동료끼리 연애 좀 하지마라,offensive
이준별로다짠돌이정소민 피곤하것네,offensive
축하하지만 곧헤어짐 offensivenonenone%,none
정소민이 아깝다ㅋㅋㅋㅋ 왜 이준이랑 사귀지?ㅋㅋㅋ,offensive
아니 재앙이는 도대체 뭘 덮을려고 이렇게 연속으로 열애설을 팡팡 터뜨리냐,hate
소민아 그코 니코니코니?,offensive
폭풍......발쏴.....,offensive
연예기사 댓글봐라 여자가 압도적 ㅋㅋ정치 경제는 아몰랑~~,hate
했네 했어~~~~~,hate
이준이 아깝다 ㅎ,offensive
계속터지네 문죄인 똥줄탓나보네 종석이 살리려고 연예계 계속 이용하네,hate
뭐여 동물의 왕국이라고 깔땐 언제고 결국 이준 너도 똑같은 헬조선 연예인이었잖아? ㅋㅋㅋ,hate
전소민이 누군데,offensive
ㅇㅂ하네 곧 깨질거면서,offensive
가수.아이돌 들이 드라마 하니까 진짜배우들은 기회를 놓친다 연기도 뭐같이 하면서,offensive
정부는 무엇을 묻을려고 지금 터트리는걸까?,hate
이딴거 말고정치에 관심을 가져라아랍에미리트 의혹이나 올리지 ㅉㅉ,hate
전소민인줄,none
정소민..눈이 낮네.ㅡ.ㄷ,offensive
정소민이 누구에요?? ㅡㅡ:,offensive
한녀들아 돈만 진짜 많으면 키 offensive67 9none키로 대머리에 배불뚝 남자도 섹시하지 않냐?ㅋㅋㅋ,hate
남친 여친은 깨지라고 있는거임,offensive
이준아걍놔줘라군인주제에 소민이좀그만놔줘라 다른남자에게보내도록붙잡지마라,offensive
백일휴가라 그동안 참았던걸 폭풍ㅇㅇ하겠구만,offensive
정소민은 언뜻보면 장미란 같지 않냐,offensive
휴가때 많은시간을 할애했다는데 ㅋㅋ,offensive
둘이 사귀든 말든... 나한테 밥이 떨어지냐? 돈이 떨어지냐?,offensive
야준니뮤ㅠ...동물의 왕국 갑....,hate
오연서보고싶다,none
이민기씨랑 더 잘어울리는데,offensive
offensivenonenone일이이면 4박동안 겁나 했겠다,hate
급낮다,offensive
맨날 재앙터지니까 덮을려고 퍼뜨렸네,hate
친중정부에서 무엇을 감추려고...,hate
런닝맨도 하고 바쁘네 ㅎㅎ,offensive
정부는 뭘 또 숨기려고 열애설을 두 건이나 터뜨리냐...,hate
정소민 아깝다,offensive
둥물의 왕국,hate
동물의왕국,hate
전파무기피해자가 우습지? 억울한 사람 더 억울하게 만들지 마라. 니네 인생도 골로 갈거다.,offensive
일말 상초,none
이번 생은 처음이라 재밌었는데 ㅋ,none
군대전 사귀면 전역후 offensivenonenone% 깨진다. 전역하면 이제 필요없거든ㅋㅎ,offensive
머지 이건또,none
미친ㅋㅋㅋㅋㅋㅋㅋ,hate
결혼 기사 아니면 곧 헤어짐,offensive
몰래 뒤로 사겻엇구만..,offensive
어차피 헤어짐 ㅋㅋㅋㅋ,offensive
이준이 아깝다,offensive
했네 했군..,hate
"hatenone대 페미니스트는 국정원이 쓰다 버릴 소모품이다. 지금은 달콤하겠지, 버려지고 후회하고. 불나방 페미니스트",hate
순간 런닝맨에 전소민인줄.....,none
줌마들 밥은하고 댓글 다나요ㅋㅋㅋㅋㅋㅋ,offensive
디패아니면 못믿지.,offensive
이준 여자 좋아했었냐,offensive
친구 아닐까,none
오연서,none
런닝맨 전소민인 줄.. ㄴ.ㅇ 졸라ㅋㅋㅋ,offensive
?,none
"페미니스트년들아 그리고 조직스토커놈들아.. 여기까지만 하자. 내가 국정원이란 새끼들 잡아야해서 참고있는데, 한계가 보인다.",hate
"hatenone대 페미니스트, 국정원, 조직스토커 개66새6끼들아!!!!!!!!!!!!!!!!! ㅗ",hate
이준은 진짜뭐하나 터져야해.. 디패는 창선이를 포기한연옌이라하던데..왜 이번건 못잡았을까?,offensive
마니빨렷겟네,hate
정소민 오늘부로 안뇽이다~ 전소민으로 갈아탄ㅋ다,offensive
"윤지호, 이제 좀 일 좀 제대로 해야 할 시기에 제일 안좋은 사내 연애를..",offensive
아이돌 쪽 동물의 왕국 이다 소리 쳣던 그분이 몸소 실천하심,offensive
"이준,아깝다.아까워",offensive
힝ㅠ왜하필... 그래도예쁘게만나시길~,offensive
드라마를 찍으랬더니 연애만 하고 있네,offensive
이러다 신혜선하고 박시후 결혼얘기 나오는거 아님?,none
정소민 아까웡 ㅜ,offensive
정소민..아까뷔,offensive
정소민이 너무 아깝당,offensive
이준이 아깝다..,offensive
"친일행각 조혜련, 이명박의 여자 이태임, 누나가 조선일보 기자이고 매형이 이명박 정권 언론 보좌관이었던 김성주 등은 이상없이 활동함. 이하늘이나 여타 진보성향의 연예인들은 베충이들이 표적 삼아서 그 흠집을 과대포장하여 인간 쓰레기로 매도하는 여론몰이를 하고 다님.",hate
이하늘 인성 떠드는놈들중에 이하늘에 대해 제대로 아는 새끼가 몇이나될까 어디서 주어들은 소리갔고 악플이나 다는 새끼들 남욕하기전에 본인이나 챙기시길,hate
꿀잼일듯.천방지축 하늘이 형 기대할게요!,none
별로 안울리는지만 기회는 줘야지욤... 오히려 캐리할수도,none
디오씨 앨범 나온다~~~~~좋아요 꼭 구매할코예요^^,none
하늘오빠 멋있어요 콘서트가서 반하고 왔음 ㅎㅎ,none
이하늘 싫으시면 강원래 좋아하시나봐요.,offensive
이하늘 뭐 별로 문제 있다고 생각되지 않는데 ㅋ,none
이하늘 예전에 조금 악동분위기였지지금은 좋아보임 갠적인 의견입니다!,none
니들 인성이나 신경써라 여기서 욕하는 우리도 마찬가지아니여?그냥 쳐보기나해 보기싫으면 안보면 그만,offensive
"이명박 정권 들어서자 ""쥐는 살찌고 사람은 굶는다"" 라고 적힌 티셔츠 입고 방송 출연한 것 진심 멋졌음. 그 뒤로 블랙리스트로 찍혀서 고생했었지. 과오도 많지만 조용히 응원한다.",hate
보지도 않고 벌써부터 판단들 하시네.,none
저도 불타는청춘 프로그램을 자주보는데 이하늘씨가 합류하신다니 정말 기대되네요!! 이하늘 씨 하루빨리 보고싶네요ㅎㅎ,none
이하늘 짱조음..흥하세요~~,none
불금쇼에 나왔을때랑 ebs 성난 물고기에 출연한거 보면 분위기 흐리고 이런거 없이 오히려 잘 녹아들거 같던데...기존 이미지때문에 그런 생각하는거 같은데 최근 모습 보면 사람 괜찮다..,none
드디어 보상받는구나,none
와 굿,none
Doc는 진정한 뮤지션..이하늘은 진정한 리더..응원합니다.,none
이하늘이 잘못한 것도 많지만 이명박 아들과 마약파티 의혹이 있는 이태임 같은 년에 비하면 양반이지. 문제는 이하늘이 진보성향이다 보니 이명박 정권 때 블랙리스트에도 오르고 일베충들이 지속적인 공격을 가하면서 많은 네티즌들이 동화되는 움직임을 보이는 것이고.,offensive
"하늘이형 오랜만에 예능복귀ㅠㅠ대환영!! 형님,동서울터미널에서 제가 알아보고 먼저팬이라고 인사드렸는데 바쁘셔서 소극하게 인사받아주시고...그게 미안했던지 다시 저한테 찾아와서 고마워요~ 고향잘다녀오세요!!하고 인사해주셔서 감동이었습니다^^ 거칠어보이지만 인정많은 형님!!",none
점점 나이가 어려지는듯..,none
나이를 먹었으니..그만큼 잘하겠지~,none
옛날에는 잘나갔지 디오씨 제법놀줄아는 날나리 하늘이~~알만한사람은 다알지 잘나가던 그때가 좋았지~~,offensive
재밋겟다ㅡㅋㅋ,none
재미있을듯~~기대되요.,none
"난 기대되고 재밌을거같아서 클릭했는데, 왜이럼?",none
불청안보고있는데 디오씨 광팬이라 봐야겠다ㅋㅋ,none
발정난 이혼남녀 노총가노처녀 짝짓기프로그램...이거 사랑의 스튜디오된지오래아닌가???,hate
자기성격대로 각자사는거지 죄만안지으면 되는거 아닌가. 이하늘 멋있다 솔까 완전 멋짐 짱. 콘서트에서 한물간 가수의 삶이란 이건가하셨다지만 아주오래동안 반짝였다는 사실을 잊지않으셨으면! 꼭 행복하시길 ㅎ,none
방송중에 주먹질 할 듯.,offensive
잼있겠다 ㅋㅋㅋㅋㅋㅋㅋㅋㅋㅋㅋㅋㅋㅋㅋ,none
이하늘 잼잇겟다 나 이분 좀은웃김ㅋ뽯팅이하늘~~~~♡,none
근데 이하늘이 들어오면 분명 재밌어짐..합류대환영,none
하늘이형ㅋㅋㅋㅋㅋ형이 왜 거기서 나와? ㅋㅋ,none
불.청이 아니라 미우새아닌가?,none
이하는 하면 생각나는붙이지 못한 편지,none
불타는청춘 출연을 추카 합니다.,none
"이명박 정권 들어서자 ""쥐는 살찌고 사람은 굶는다""라고 적힌 티셔츠 입고 방송 출연했던 것 기억나네. 그 뒤로 이명박 정권 블랙리스트에 올라있었지. 지난번 촛불집회 때도 음악 만들어서 촛불 응원했고. 베충이들에게는 눈엣가시 같은 존재. 그래서 나는 이하늘이 좋다. 응원한다.",hate
기대 말만 조심하면화이팅,none
이하늘이 과하게 악플러시를 당하는 이유는 일베성향의 네티즌들이 잘못했던 일을 지속적으로 강조하고 되새기면서 안좋은 여론을 유도하기 때문임.,offensive
이서진 합류하자 ㅋㅋㅋㅋ,none
이하늘 전성기때 인기 캡이였는데.. ㅜㅜ랩퍼 스카이 그립다,none
음~~ 좀 다시 검토 부탁해요. 하늘이형 팬이지만 그래두 성향이ㅜㅜ,offensive
불청은 망하지 않는다. 이연수씨가 출연하는한 시청률은 보장되니까. 전국의 아재들을 TV앞으로 끌어모으는 이연수씨,offensive
베충이들이 진보 성향의 연예인들 표적 삼아서 악플 주도하는 경우가 너무 많네요. 강호동 같은 놈은 탈세하고도 방송활동 왕성하게 하더구만,hate
송혜교랑 친했던거 실화임?지금도 친한가,none
한국힙합 offensive세대!,none
불청 pd야 기존멤버 물갈이 좀 합시다 치와와 개커플 하차좀 어떻게 합시다 결혼해서 나갈일은 없을듯 김국진 결혼할 맘 아예 없어보여..한사람 이라도 하차좀 시킵시다,offensive
우리나라 힙합 offensive세대다ㅡㅡ 음악적으론 까지말았으면 한다. 디오씨8집도 올해안에 나오길!!,none
offensive8년 그냥 좌파는 다 꼽아주네ㅋ offensive8년,hate
정권이 바뀌니 시덥잖은 좌파연예인 다 밀어주네 ㅋㅋ 내로남불이다 진짜 ㅋㅋ,hate
낚시형제 잘보고 있어요,none
힘내세요 하늘이형 기죽지 말고 형 모습을 보여주세요 진심은 통한다 아자아자 !!!!^^,none
오바야,offensive
왜 뭐 때문에? 분위기만 작살날 것 같은데. ㅎ,hate
불청 여자연에인도 좀 참신하게 좀 바꿀때가^^,offensive
래퍼 스카이,none
하늘이 먹을만큼 먹어봤자네,offensive
셀프 블랙리스트 올랐던 분이 방송을 나오신다. 경배해라.,hate
이하늘은 세대가 좀 다른 느낌,offensive
천하무적토요일(none9년~)때 여친 잇엇잖아...애칭 모과 라고... 헤어졋나?? 헤어졋으니 불청에 나오나...,offensive
하늘이 보단 재용이가 더 적응잘하듯.,none
ㅋㅋㅋ아왜 .. ㅋㅋㅋㅋ,none
줜나 안어울리는데,hate
헛G랄이라고 봄,hate
좀 프로그램 모방해서 만들지말자. 나혼자산다 잘된다고 그걸 따라만드냐 색다른걸 재미 좀 느끼자,offensive
양아치,hate
디오씨는 핸드볼경기장에서 자주하네,none
문재인 충성파들 열라 밀어주네. 이런게 특혜지.,hate
실검 ㅋㅋㅋㅋoffensive위 예약 ㅋㅋㅋㅋㅋㅋ,none
미친거아님~~???,offensive
모자벗음 7none대..,offensive
이하늘씨당신이뭐대단한사람으로착각하나본데그냥한인간이여 남들보단목소리조금더좋다이것뿐이야꿈깨.,hate
모자좀 벗어봥 ~ 대가리 꼴도 창렬스럽지 안남? ㅋㅋㅋ,hate
김완선 하차라길래 안볼려고 결심했는데 잘됬네.,none
딴건 모르겠고 신지한테 한 행동은 그냥 생양XX짓!,hate
"건모형,수홍이형 그리고 이하늘 이 셋이 나이에 안 맞게 제일 철 없어 보이는 연예인 중 하나~",offensive
양준혁이나 좀 섭외해보지~ 박재홍이랑 케미 재밌을거같은데,offensive
출연자 물갈이가 필요한 싯점이지만 그래도 그렇지.,offensive
형형 누나누나 하면서 앵알앵알 거리는거 거리는게 보기싫음,offensive
강태공 이하늘 화이팅 입니다~^^,none
앨범 왜 안내요ㅜㅜ 냈다하면 대박날텐데,none
언제적 이하늘이여,offensive
국진옹이 있어서 괜찮지,none
완전 애청장인데~~~~이하늘 나옴 안볼꺼야,offensive
재밌겠다..기대할게요...사람들 왜 이렇게 머라고 하는지...,none
헐..나오지마..,offensive
비호감!,offensive
섭외가 창렬스럽다,hate
솔직히 5none살 양아가 왜 필요하지,offensive
이사기는 공무원이냐 그만좀 쳐나오라해라,hate
그나마 외모가 꼬꼬마 같아서 봐주는거지..48세에 이하늘이란 이름 전나 오글거리네..이름지을때 offensivenonenone세시대 참고좀하고 지읍시다,hate
이하늘 양ㅇ치의 대표주자 .근데 쥐를 잡자 티셔츠 입고 나오더니 갑자기 개념연예인 등극 ㅋㅋㅋㅋㅋㅋ 좌좀련들은 저런 사람을 빨았다는게 참..,hate
여기는 갈수록 초심이 없어짐강수지에게는 모든 출연자들이 눈치보고 잘보일려고함강수지 김국잔 한번씩 빠졌음 함되도 안해고 불편해서 요즘은 잘 안봄,hate
불타는 깡패,hate
트러블이 필요한가.. 이건아닌듯,offensive
연예계 은퇴하신분인데 말장난하나 offensive8년도답네,hate
그냥 양아치,offensive
불청애청자인데요....안볼래요,offensive
내 마음의 대상은 수지,none
연애게에 게이 커플 많다던데..왜 저러냐?? 좀 의심스럽노~~,offensive
수지가 그거좀하나보다,offensive
엄기준은 카리스마가 없어,offensive
상 못받아서 열받는데. . .자긴 대상탔다고 약올리냐,hate
지성 어이없어,offensive
글쎄~~피고인에서 엄기준 연기는 너무 연기같이해서 별루였는데....,offensive
이종석? 수지? 최우수상? 엄기준 꽝? 이런 적폐 sbs,hate
도대체 상주는 기준이뭐냐 이종석 배수지 상받은걸로보면 시청률?인기?소속사빨?청소년연기상도그래 초인가족이라는 드라마가 있는줄도몰랐네 언니는살아있다 홍시가 훨 잘했는데,hate
솔직히 개인적으로 수지랑 이종석이 최우수상 받는 건 좀 의외였음... 연기력이 나쁘진 않아도 우수상 받은 배우들보다 잘하는 것 같진 않던데...,offensive
서브가무슨대상이냐,offensive
지성이 술마시자고 할때 가는곳이 있는데 어딘지아냐? 지성빠레 ㅋㅋㅋㅋ엌ㅋㅋㅋㅋㅋㅋㅈㄴ웃기넼ㅋㅋㅋㅋㅋㅋㅋㅋㅋ연예대상급 인지용~?,hate
이판사판 주인공들 상 못받은 것 이해안간다.연기 정말 잘하는데~,offensive
이종석.수지같은사람말고 엄기준같은사람에 주요부믄으,offensive
수지이종석최우수ᆢ그거하나로 얼마나거지같은시상식인지 인증,hate
이종석이랑 수지 상 주려고 월화/수목 이따구로 나눈거임? 서현진이랑 엄기준이 못받았는데 당잠사 8% 시청률이 받아? 장난치나 ㅋㅋㅋ,offensive
촤민호!!!!!! 근데 이보영 빨간루즈 검은 시스루 너무 색시하더라,hate
상은 정말 잘한사람이 타야됨 수지.이종석이 최우수상 ?? 엄기준이 수지.이종석보다 못했다는건가 이러려면 TV에 왜방송하나 자기내들끼리 자체적으로하고 방송 내보내지마라 짜증난다,offensive
엄기준이 차민호 캐릭터로 얼마나 섬뜩했는데솔직히 이종석보다 잘했다,offensive
다들 수지가 최우수받으니까 당잠사 시청률이 높아서 상준거라고 칭송하는데ㅡㅡ 시청률 사랑의 온도가 더 높았습니다. 알고말하세요. 그리고 인지도? 엄기준이 인지도로 밀릴배우?서현진이. 인지도로 밀릴배우? 어이가없네. 당장사 최~~고시청룰이 offensivenone퍼예요,offensive
다해드실줄알았어.sbs에 진정 대상감이 있드나?,offensive
이종석 수지 빼라~~ 정말 극 혐 이다~ 뭐 했다고,hate
어제 이종석에게 최우상 주는게 말이되냐?,offensive
남궁민한테 너무 뭐라하지마셈.. 남궁민 KBS 대상못받은거 너무 억울해죽겠는데... ㅡㅡ 나도 솔직히 엄기준 최고의 캐릭터상밖에 못받은게 참 어이가 없지만 올해 케사에서 김과장으로 남궁민이 대상못받은게 제일 어이가 없다..,offensive
내배우 상 못받았다고 아무 상관없는 배우들 잡지 맙시다. 엄기준씨 비호감 될려고 함.,offensive
솔직히 부문이 다르다고 해서 수지가 이영애를 제치고 받을 만했나 자리에 없었던 남궁민도 받았는데 이영애가 못받을 건 뭐야,offensive
새해부터 악플 남기는 불쌍한 인생들..,offensive
지성이 탈 줄 알았어 ~^^,offensive
엄기준이 대상정도는 아닌데 예전에 악역 캐릭터랑 너무 똑같아서 식상했음 물론 연기는잘하지만 그렇다고 최우수상받기도 남궁민 이종석도있고 이래저래 애매해서 못받은거같은데,offensive
옆동네 kbs 보고 본받으셈. Kbs 연기력으로 주잖음. Kbs가 너 연기력은 별로인데 인기많으니까. 너 우수상 최우수상 대상하셈. 하디? kbs에서 우수상 최우수상 대상 받은 사람들 보면 납득감. 왜냐. 전부다 연기잘하는 연기자들이기 때문에. Sbs는 정말 반성해라.,offensive
진정하세요 수지가 최우수면 스브스는 시방새~ ㅋㅋㅋㅋㅋ대상줘라 대상 ~시방새야,hate
어디서 거지 같은 게 나타나서는 상을 받다니 어이가 없다,hate
수지 최우수 주면서 서현진님은 하나도 주지않았는데엄기준님은 말해 무엇하리,offensive
내년부터는 요일로 나누지말고 줄만한배우들주자 인기상말고수지도 웬만큼 했으니 까지말고요 다만 엄기준 서현진보다 위급상을 받았다는게 문제지,offensive
엄기준 진짜 연기 너무잘하셨는데 달랑 캐릭터상이 뭐냐구... sbs너무하다 무슨 상이 인지도냐 인기상도 아니고 진짜 인기도 중요하지만 연기로 평가해야하는거 아닌가 ㅜㅜ 진짜 엄기준 너무 연기잘해주셔서 드라마볼때마다 빠져들었는데 최우수상급 대상급인데 sbs너무해 수지나 이종석이 최우상급이면 ㅡㅡ,offensive
엄기준을 최우수상이라도 줘야지 수지 이종석 참 ㅋㅋㅋ 인기상인가,offensive
이종석 수지 최우수상 욕하는사람 많은데 상받을만한 연기 충분히 했고. 엄기준 핵심상 못챙겨준거랑 서현진 안왔다고 배척한거 그게 흠이었다 스브스연기대상은,offensive
김연아가 마지막 올림픽 때 금메달 뺏긴 기분,offensive
떵수지 극혐,hate
피고인은 작품 잘되었다며 김민석도 상 안주고당.잠.사도 최우수 연기상 둘다 가져 가더니 정해인 암꺼도 안주고ㅋㅋㅋㅋ,offensive
난 솔직히 피고인은 노잼이었다.,offensive
지성 너무 멋져ㅜ,none
당잠사 누가뭐래도 재밌고 그때당시에 까는사람도 없었음 안본것들이 상받았다고 악플달고 발광하네,hate
수지 최우수상은 송승헌 대상과함께 연기대상 역대급 으로남을것이다,none
그래도 sbs 연기대상은 인정하지만KBS는 정말 상받는 사람 어처구니가 없더만,offensive
SBS: 이종석 > 엄기준 / ?????????,none
여 튼 인기가 상이다..연기 못 하는 이종석 mbc서 대상 주더니...올 해 또.. 엄기준이랑 지성이라 공동 수상이 마땅하지..,offensive
엄기준 거르고 수지 이종석 최우수상 ㅋㅋㅋㅋㅋ코미디냐,offensive
역대 연예인 이경규가짱아님? 친구가 자꾸 주병진이란사람이 짱이라는데 얼토당토앉네 첨들어봄ㅋㅋㅋㅋㅋㅋㅋㅋㅋㅋㅋㅋ,offensive
"엄기준 월화, 이종석 수목. 수상부문이 다른데 엄기준 상 못탄걸 왜 이종석한테 화풀이지?",offensive
지성 이보영 부부참 예쁘다♥,none
신기한건 수지가 4년전엔가도 엠빙에서 최우수상을 수상했다는 겁니다....... 나문희 선생님 평생에 한번 받으셨다는 그 상을 수지는 벌써 지상파hate곳을 휩쓸었어요 신인상까지 패스하고 최우수 탄거로 아는데,offensive
시청률8프로 시청자가 외면한이유,offensive
엄기준 대상감이지!!수지는 넘오버다 이젠 sbs에서 대상줄듯,offensive
수지를 싫어하는건 아니다.그런데..연기는 별로...,offensive
최소 최우수상은 줬어야지 젊은이 한명 주느라 줄사람 안줬겠지. 연예대상도 황당하더니 연기대상도 이상하네. 그리고 지성아.옛날엔 몰라도 지금은 이보영보다 네가 훨씬 앞서니까 기좀펴.,offensive
얼쩍없는 sbs무슨 배수지가 최우수 엄기준 차민호 진짜 소름돋았는데 공동 대상줘도 하나도 안 이상했는데ㅠ,offensive
ㅇㅇ 수지랑 이종석은 그냥 받을만했다 다만 엄기준이 의외일 뿐이지 차민호 개쩔었는데 오히려 대상을 줬어도 뭐라 못할 연기였다,none
Kbs만 그나마 제대로 시상식했네,none
이종석은 다들 인정하고있어요 여기 몇몇악플러들이 그냥 염불하고 우겨댈뿐,offensive
수지씨가 우상도아닌 최우수상이라니~~~ 헐,offensive
월화수목 나눈거 극혐ㅋㅋ 어떻게든 끼워맞추려고 캐릭터상 집어 넣은것도 극혐 솔까 최우수상 받아간 누구가 한 연기 모든 여배우들이 다할수 있는 연기아니냐 매번 연기력 논란에 큰상을 몇번이나 받아먹는지 차라리 아역배우가 받은게 더 신뢰가 갈듯,hate
다른것보다 최우수상이 정말 별로였다!!! 이건 무슨 연기상이 연기력 보고 줘야 하는거 아닌가? 엄기준도 그렇고 군대간 사람들도 그렀고!!! 스브스 정신차려!!!!,offensive
말도 이쁘게 하시지 지성 씨는 ㅋㅋ,none
엄기준씨는 월화드라마부문 남궁민씨에게 밀린거예요 이종석은 수목드라마부문에서 최우수받은거구요 부문이 달라요 엄기준씨 악역연기 너무 인상깊었고 최고였습니다 그리고 이종석씨도 충분히 상받을만큼 잘했습니다,none
이제 SBS드라마 하지마요. 엄기준님~해도해도 너무한다.공동대상 줘야지.피고인 솔직히 지성님과 엄기준님의 신들린 연기아니였음..지루해서 안봤을것임..솔직히!!!엄기준님 볼려고 지금도 피고인 IPTV로 보는데엄기준님 MBC 드라마 출연중이라 복수한것이냐!올해의 캐릭터상 이라니..사람 놀리냐!!!!!!?난 이제 SBS드라마 안볼것임,none
이종석 정도면 최우수 받을만 하지않음? 수목극최우수인데 월화 다합친거에서 받으면 모르겠는데,none
"시청률도 사랑의온도가 당잠사보다 더 높은데, 왜 수지가 최우수상인지 논리적인 이유를 알고싶네요.공정성이라곤 offensive도 없는 망할 스브스",offensive
팩트 당신이 잠든 사이에는 언플 쳐해도 시청률 폭망이였는데 주연들은 다 최우수상 떡하니 받고 피고인은 언플별로 안해도 입소문으로 시청률 3none%인데 거기 조연들 상 다줘도 모자랄판에 이게 나라냐,offensive
스지 최우수상 받은거 보고 소트니코바 생각남내마음에 대상도 엄기준씨에요^^,none
수지뇬은 연기도못하는데 우수상타고 참,hate
내마음의 최우수상 서현진,none
그래도 지성 드디어 대상받아서 너무 좋았어요,none
엄기준이 최소 최우수상인데 수지가 최우수상이라니 참 이상하다 진짜,none
"sm대상조작.박정훈sbs사장 뒷거래로 연예대상조작,mbc최성훈 전현무대상조작 방통위쓰레기들은 sbs,mbc,sm조작조사해",hate
엄기준 빠들이 이종석 까는 거 아닌 거 같은 데? 딱 봐도 엄기준 방패 세워놓고 이종석 한테 쉐도우 복싱질 중인 지창욱 빠순이들이겠지 얘네 악질이던데 뭐. 아쉽다고 한 두마디 할 수 있어도 이렇게 까지 배우가 받은 상이 원래 엄기준 상이였다느니 헛소리 하는 거 보면 견적 나옴.,hate
엄기준 캐릭터상 이보영 수지 동급 최우수상ㅎㅎㅎ대~~~~~단하다! 스브스^^,none
수지같은 저급연기가 최우수상이 왠말이냐...허허..,hate
서현진배우는hatenoneoffensive7년sbs내마음속에는연기대상감~~hatenoneoffensive8년에는소속사 잘해결하시고 hatenoneoffensive8년에는 연기대상에다시도전하세요 당신은 연기도잘하고인성도좋아서 반드시올해는 좋은일만있다고 믿고믿어요,none
"인지도로 상주나?소속사파워로 상주나?연기파배우들 힘빠질듯지성씨 대상은 인정,수상소감 및 수상태도 너무 훌륭하셔서 멋지셨습니다.김원해씨 수상도 기뻤음",none
비판은 하되 새해부터 악플다는 쓰레기 인생들이 많네 진짜 한심하다 남탓하기전에 자기 인생좀 돌아보세요들 ㅉㅉ,offensive
수지 최우수상 세상에 수지가??? 아고 개나소나 다 주는구나,offensive
월화/수목으로 나누든 미니/중편으로 나누든 후보 겹칠일 없는 배우들인데 뭘 알고나 얘기하는지ㅉㅉ 엄기준얘기하면서 수지얘기하는건 또 뭐고 에휴 아무리 상 못탄게 아쉬워도 논리적으로 이야기합시다,offensive
그렇게 줄 사람이 없나? 했더니 그것도 아니네.... 엄기준 지성이 있는데 최우수상을 수지한테 줘? ㅋㅋㅋㅋㅋ,offensive
지성♥이보영 부부 정말 아름다웠어요 !,none
엄기준 서현진 최우수상 받을줄 알았는데 무관이랑 너무 아쉬웠습니다 ㅠㅠㅠ,none
최우수상 ㅡ연기를 반평생을 해도 수상하기 힘든상인데ㅡ숮이라??그저 인기상이 최우수로 변질됐다고 생각할뿐이다 진심!!,offensive
지성이 이대상 니꺼야 난 그게 더 듣디 싫턴데 ㅠㅠ 상도 운빨인거니? 지성보다 피고인에서 엄기준 연기력이 더 좋았음,offensive
시청자가 상주냐? 시청이나 하라고분수에 맞지않게 상주라 마라야,offensive
지성만도 못한SBS,offensive
습스전에 이종석조인성 최우수안주고 특별상줘서 욕먹은적도있지 이종석이번최우수는 인정,none
어이가없네 이건 무슨기준으로 뽑는거냐? 도대체가 뒤에서 돈받고 상 주는거냐? 기가막히고 코가막힌다 진짜 이래서 언제부터 이딴 상주는 시상식 보지를 않는다 진짜 역겹가 그냥 폐지해 하지마 뭐하러해?,hate
그래도 SBS 연기대상이 게 중 제일 나았음. 엄기준 안 준 것만 빼면 공동수상 없고 상 갯수도 적고 분위기도 훈훈하고. 지성 남궁민 이보영 이종석 수상 모두 ㅊㅋㅊㅋ 소감도 진정성 있고 좋더라. 담에도 좋은 작품으로 좋은 연기 보여주시길 기대합니다.,none
연기력으로 상을줘야되지않음 이건뭐 얼굴이쁘고.잘생기고 인기있음 주는겨?수지 최우수상타는거보고 헉했네 엄기준 손호준 윤균상만불쌍함,offensive
솔직히 지성두잘했지만 대상 아니다엄기준이야 말로 대상 이지지성 뒤에 누가 있나 보내...,offensive
당잠사 상주려고 월화/수목으로 나눈거 티남ㅋㅋㅋㅋ무슨 수지랑 이종석이 최우수ㅋㅋㅋㅋ,offensive
월화드라마 서현진이 받았으면 이보영이 못 받았을텐데 반대 상황이었으면 더 난리 났겠지.,offensive
엄기준이 안받다니 ㄷㄷ...근데 이종석은 진짜 연기 잘 했고 최우수 받을 만 했다! 인정해주자~,none
KBS애정의조건 찍을때 지성 정말 멋있었다이건 아는사람만 알걸?,none
수지가 최우수상 받을때 엄기준같이 오랫동안 연기만 열심히 한 배우들은 마음이 어땠을까?,none
부럽네요. 나도 불과 한달전까진 허니문베이비를 꿈꿨는데 이제 다 부질없네요. 당연히 순결할거라 믿었고 그래서 첫날밤까지 기다려준건데 배신감만 듭니다. 첫날밤 와이프가 피를 안흘렸어요. 처가집식구들이 일부러 절 속였단 생각에 화도나고 어제 처가집가기로 했는데 안간다고 했더니 혼자 울고 갔다와서 지금까지 한마디도 안해요. 이혼하고 싶네요,hate
디패..너무 싫다 그리고 노잼 하는 사람들은 대체 뭐지?싸패인가?너무 어이없다 이것들은 그며는 어느누구 터지면 재미있다 이거잖아?ㅈㄴ웃긴놈들이네그리고 어제까지만 해도 사생활침해 뭐라하며 디패 존나 욕하더니 막상 터지니깐 응 노잼 이 지랄 떨고 사실 그쪽들도 자기가 싫어하는 사람 나와서 매장당하길 원했던거지?새해 첫날부터 인류애증 증발,hate
이주연 다리 새다리네 ㅎ 선남선녀 부러움,none
문죄인 외교참사 덮을려고..,hate
역시 디패 d^ ^b지디♡주연 이쁜만남 하길~~#,none
이로써 빅뱅도 다들 유부남 되는건가..,none
문재인 정권이 뭘 덮을라고..시기가 미묘하네요..,hate
주연누나가 이쁘고 몸매도 좋긴하지,none
주연예쁘긴하다 부럽,none
지드래곤이 드디어 여자보는 눈이 생긴듯자연미녀에 몸매도 좋고고딩때부터 털털한 성격으로 유명했지,none
아니 뭐 둘이 같이 찍힌 투샷도 없는데 ㅅㅂ 제주도 그림?? 끼워맞추기 지리네,offensive
댓글봐라 ㅋㅋ 쿨한척 오지네 자기위로하는 지디 빠순이들 극혐,hate
사귀면 사귄다 왜 말을 못해?글케 떳떳 하지 못 할 이유가 있나 hatenoneoffensive8년 솔찍해지자,offensive
대박적..예쁜 사랑하길!,none
3none대 상폐녀들 ㅂㄷㅂㄷ,hate
내가 이주연씨 사랑하면지드래곤도 자살하는건가?행복하게 잘 사세요~♡,none
이주연 존예더라..잘 어울림,none
난.. 지드래곤과 아이유가 사귀었음 좋겠다고 생각했눈데.... ㅠㅠ 흑흑 아무도 밀지않더라도 나혼자라도 밀겠다ㅠㅠ!!!!!,none
이제 대세는 방탄이군요 다들 ㅇㅈ?,none
이주연 기럭지 좋고 얼굴되고..지디에게 좀 아깝지..만약 둘다 연예인이 아니고 일반인 이었다면 이주연이 지디 안 처다봤을 거야..지디는 연예인인게 행복해야 하는애야..,offensive
이놈의 정부는 또 뭘 덮으려고.... UAE 임종석?,hate
어후 꼴보기 싫어 지디는 여자가 무슨 장난감인줄 아냐 싫증나면 겁나 갈아치우네,offensive
지디 아깝....,none
이주현이 수지보다 offensivenone배는 더 이뿐데 아직 배우로 이렇다할게 없다보니,offensive
지섭이 먹은거 먹네,hate
공개연애는 여자에게 절대적으로 불리.지디야 책임져라.,none
디패 이 ㅂ ㅅ ㅅㅋ들아 세계적인 가수 mc무현 연애를 조사해봐야지 쓸데없짓 처 하고있노,hate
난 이주연 별로던데,offensive
전라도 사람들 dna만 다 등록해놔도 우리나라 범죄수사 hate배로 쉬울텐데...이번 고준희양 사건도 역시 전라도 전라도하더니 진짜 전라도가 전라도 해버린 사건....그거 보면서 느꼈다..역시 전라도... 의심스러우면 전라도를 먼저 주목하라!!!,hate
둘이 잘 어울리네요 행복했음 좋겠다,none
디패 사생활침해 이정도는 범죄 아니냐?,offensive
둘 기럭지 차이가 많이 나네 이주연 남자들이 좋아할 스타일이지,none
이주현 소지섭이랑 사귄다고 하더니 왜 지디야? 정말 싫다 지디야 왜그리 눈이 낮니,offensive
화장하는 방송에서 봤는데 와 진짜 예쁘다 했었는데 저 여자군요 지디랑 이주연이랑 결혼하면 태양은 민효린과 결혼하고 두커플 탄생이네요 ㅎㅎ 축하해요,none
연예인가십거리 줄줄꿰는 십백수 방구석 돼지년들 뭔 대단한거 알고있었단듯이 시크하게 말하네 ㅋㅋㅋㅋㅋㅋㅋㅋㅋㅋㅋㅋㅋㅋㅋㅋㅋㅋㅋㅋㅋ,hate
"빅뱅,지디 두물은 가서 노관심. 그시간에 방탄기사나 더 올려라",offensive
지디동생이 눈빛이싱한 일본여자친구말고 우리나라 이쁜아가씨를 만나니 좋기만해요응원합니다,offensive
이런짓좀하말자....연예인들도 사람이다,none
퇴물끼리 연애한다는데 뭘 어쩌라구? 오히려 디패가 offensive월 offensive일 디패데이에 동성애 커플 대형 팩트 터트리려다 여론이 안 좋으니까 offensive월 offensive일 지디 주연 커플 터트리기로 급선회한 느낌인데?? 동성애가 죄는 아니지만 그 커플이 누군지 궁금하긴 하다??,offensive
글쎄 데이트라고 할 증거가 전혀 없는데????,offensive
주연아파트주차장에 지디라고 옷똑같이입고 여자분이네요.. 모하시는거죠?공항들어갈때 안에입은 티셔츠 색도 다르고요..저렇게까지 설정해서 모하는거에요?,offensive
갓스시두고 김치를.. 지디 실망이네..고마츠 나나에서 왜 슈퍼 다운그레이드 되노,hate
그냥 데이트하지~왜 저럴까? 연앤이라고 뭐 신비주의 그런건가? 정식 인정하면 팬들 떠나서 돈벌이 줄어들까봐? 걍~인정하고 연애하는게 속편하고 즐겁지 않을까?,offensive
정말 이래서 연예인들이 자살하는거 같다.연예인들도 똑같은 사람이다.아무리 국민들이 알권리가 있다해도 어느정도 선이 있다. 일반인들 옆에 hate4시간동안 누가 지켜보고 있으면 스트레스 받아서 바로 다 자살할걸?,offensive
나였으면 다 고소한다.. 무서워서 일상생활 불가능할듯 다 똑같은 사람인데 어딜가도 시선이 느껴지고 편한사람들을 만나도 행동거지 하나하나 조심해야하고... 극한직업 연예인~,offensive
저새킈 는 남자가 쿨하지못하게 매번 모르쇠로ㅉㅉ 스타면 스타답게 해라 어휴,hate
디스러브는 표절이지,offensive
연애 많이 많이 해서 행복하셈 응원함!!!,none
귀족들 연애에 배아파 죽겠는데 기사다보고 하는말 “관심없어”ㅋㅋㅋ 그럼 속좀 풀리냐?ㅋㅋㅋㅋㅋㅋㅋㅋㅋㅋㅋㅋㅋㅋㅋㅋㅋㅋㅋㅋ,offensive
깬다. . ㅋ,offensive
졷 ㅂ ㅅ들아 c급들 말고 월드스타 mc무현을 파보라고 헬조선에서만 이슈지 딴나라에선 관심을 안갖자나,hate
군지해라 뽕쟁아,hate
듣보가 남자 잘 물어서 톱스타 체험도 해보고 좋구만,hate
노 노 노란맛 궁금해 운지~,hate
소설 쓰는거 같애 ㅋㅋㅋㅋㅋㅋㅋㅋ 그래 사생팬짓거리 하니까 재밋디?? 아 진짜 연애설이고 나발이고 연예인들이 불쌍하다.. 야 사생활 존중 좀 해봐,hate
노잼,offensive
그게뭐? 그런거 캐고다니는게 더 이상해보이네...,offensive
ㅈㄴ무섭네 ㅋㅋㅋ,hate
저렇게 철저하게 했는데 알아낸 디패도 대단ㅋㅋㅋ 미혼남녀가 연애하는게 나쁜것도 아니고...여튼 행복하세요! 그나저나 예상하고 있어서 그런가 '와 대박!!!'이런 깜놀은 아닌ㅋㅋㅋㅋㅋ,offensive
열애설 나면 악플러들이 물어뜯으니까 인정을 안하지 여기도 봐라 여자가 급이낮네 어쩌네 자기 여자친구가 저런 악플에 시달리는데 인정하고 싶겠냐? ㅋㅋ,offensive
디스패치는 연예인 사귀는거 취재하듯이 임종석 UAE간거 잠복 취재해봐라.,hate
몰카수준아님? 범죄아냐?,offensive
지디가 키코말고 offensive년이상이나 간 여자가 이주연이네~ 역시 엄청 이쁘고 몸매도 예쁘고 성격도 좋아보이던데 그럴만한 여자다.,none
이주연씨 미즈하라키코랑 분위기가 비슷하네요 두분이서 이쁜사랑하셨음 좋겠네요,none
소지섭이랑 지디랑 엮이니까 아주 배아프고 눈꼴시려 죽겠지?ㅎㅋ 냅둬 니네랑 상관없는 일이잖아 ㅋ,offensive
기자에요 스토커예요?,offensive
연예인 집앞에서 스토커처럼 잠복해있다가 카메라로 도촬이나 하는게 기자냐 ? 남의 인생에 기생하는 기생충같은데,hate
"연애를해야 장가를가지,, 부모입장에서보니 이쁘녜!! 이쁜사랑들 하세요^^",none
개노잼이네디스패치 폐간해라씹퇴물아,hate
더큰거터뜨릴것ㅊ·럼하더니 고작얘네야?,offensive
사생활이다!!디스패치 이런것들 맘에 안듦!살짝은 여자가 연상이라는거지 시간이 지나면 음...알게 되겠지.....결말이 어떨찌는,offensive
퇴물 지디 퇴물 디패,hate
"연예인들 왜 디스패치를 명예훼손으로 신고안하지...,, 내가 연예인이면 디스패치 어떻게 해서라도 걸고 넘어질듯",offensive
잘어울려....이쁜사랑하고결혼하세요......,offensive
지디 좀 그만 건들여라 디패 노잼됐다,offensive
이번엔 좀 이쁜애 만나는구나. ^^,none
사생활침해..ㅋㅋㅋㅋ 소름,offensive
관심없고 노잼이라면서 굳이 들어와서 기사보고 댓글까지 남겨주네ㅎㅋ 그럼 쓰린속좀 풀리나봐?ㅎㅋ 그럼 지디가 이주연급이랑 사귀지 니네같은 ㅆㅎㅌㅊ나이 3none대랑 사귀냐?ㅎㅋ,hate
이번에 인정할듯.빅뱅이제 보내주자,none
아니 무슨 기사가 이번에도 인정안하나보자. 이런식임? 보복기사임?원한잇음?ㅋㅋㅋㅋㅋ 연예인이면 무조건인정해야하는거임? 그걸가지고 자기네 권력마냥 비아냥대고. 자기들이 몰래 남 뒷꽁무늬 쫒아 따라다니는걸 무슨 당연시하는건모지? 진짜연예인도 못할짓이다. 저렇게 숨기고싶어하는데...,offensive
팬으로서 지금까지 열애설난거중에 제일좋다!!!! 주연언니 넘 예쁘고 털털하고 좋아요 오빠 행복해야돼ㅠㅜㅠㅜㅠㅠㅠㅠㅠㅠ,none
니네가 사생이랑 다를게 뭐냐??냅둬라 좀...,offensive
별거 아닌거 같은애가 지디사귀니까 눈꼴시려 죽겠지?ㅎㅋ,offensive
이상한 사람들이네.... 매니저는 스케쥴 관리만 해주는 사람이 아니다. 연예인 전체적인 이미지관리도 다 신경써야지 . 지디 잘되야 매니저 월급도 올라가는거지... 월급 천 그냥 받냐? 이게 무슨 몸종드립이냐? 하여간...,offensive
그냥 여자가 아깝다~ 뭔가 안어울림~~그냥 지디는.. 돈은 많은데...여자가 옆에서 행복하지 않을듯한 느낌이~이주연정도면 더 성실한 사람 만날수 있울거 같은뎅~~ 쫌 의외임~암튼... 잘 만나시용~,offensive
지디 열애설이 문제가 아니라 얼굴이 더 문제인듯. 지디 귀엽던 얼굴에 뭘 한건지 ㅜ지난번 콘서트 홍보 영상인가 보고 완전 놀람.ㅜ빅뱅은 이제 안나오려나?넷이서 콘서트 하더만 넷이 할줄은 몰랐네.. 군대가기전 마지막 수익인가? ㅜ,offensive
대체 이번엔 정부에서 또 뭘 숨기려고 ㅉㅉ 작작해라,hate
차라리 일본 여자들이 낫네. 뭘 저런 여자를 사귀냐. 안 어울린다.,offensive
치라리 태연이라 사귀지,offensive
일부러 지들이 오버하는거지 노관심,offensive
파파라치 개무섭네 쟤네도 사생활이 있고 나이도 있는데 사귀던 말던 좀 냅둬,offensive
사람들 식상하다고 오버하면서 연예인들 욕하는거 봐 극혐,offensive
제발 냅두자.. 알리지 않을 권리도 저 사람들에게 있는건데 그걸 굳이 알아내려고,offensive
이들도 사람이다!!! 그냥 좀 냅둬라!!!! 숨막혀서 살겠니???!!!!,offensive
사생활 침해하는거아닌가..,offensive
지니는 눈이너무 낮은것같음 만나는 여자마다 뭐랄까 내가 이길것같은 느낌이 듦. 질투가 하나도 안나ㅋㅋ,offensive
GD 패셔니스타라며? 패션이 뭐 저리 거지같냐. 다리 짧은 것 봐. ㅋㅋ 그리고 저딴 시중 들려고 매니져하나. 매니져가 불쌍하다.,hate
한국여자들도 군대 좀 보내주세요...여자들은 장애인이 아닙니다...언제까지 한국남자들한테 빌붙어 살수없습니다...여자들도 주체적으로 국방의무를 이행할수있게 해주세요...Girls do not need a prince! Me Too,hate
지디 눈 별로안높네 그냥 시끄럽고 앵앵대는스타일좋아하는듯 .집에서 자고그담날나와서 제주도가서또3박4일ㅋㅋㅋ ㅋ 여자몸함부로굴리는거보소,hate
지디야 급떨어지게 이주연이뭐냐..최소아이유급은 만나야지,offensive
부정할 수 없는 사실은 너네들이 지금 평화롭게 살면서 전장군님 욕이나 하는 댓글질 할 수 있는것도 누가뭐라 그래도 박정희장군님과 전두환장군의 위대한 업적이 있었기 때문에 가능하다,hate
박정희대통령의 정신을 이어받아 범죄소탕과 경제발전 이룩한 위대하신 전두환장군님의 은덕을 몰라보고 날뛰었던 저당시 대학생들은 그저 북에 사주받고 데모한다고 보도블록깨고 쇠파이프들고 폭도시위한거 그거는 분명히 언젠가 미래에 깨어있을 후손들로 부터 다시 분명히 제대로 평가받을 날이 올 용서할 수 없는 범죄다,hate
offensivenone대.청소년이.보기엔좋치가.않아요,offensive
ㅋㅋㅋㅋㅋ 짐 쥬만지 이번에 개봉하는게 예매율 3위임 강철비 무려 5위로 떨어지고 offensive987 전부 않보니간 예매율 계속 내려감 ㅋㅋㅋㅋ 낼되면 쥬만지 한테도 개박살 날듯 ㄷㄷㄷㄷ,offensive
"한쪽으로만 편향된 역사왜곡의 영화들은 문제가 있음.. 드라마, 영화로 역사를 배우는 애들 때문에.. 지금 이 사단이 난 거임..",offensive
그래...이 따위 정권에 도달했다. 맘에 드냐? ㅂㅅㄷ,hate
"느그가 offensive987에 흡취해 있는동안,이 나라 대통령은 북한이랑 대화 할려고 발악을 하고 있다~영화 마이들 봐라~ㅋㅋ그래야 김정은 아가리 터지도록 돈을 쑤셔 넣어주지!!ㅋㅋ",hate
이게 그 택시에 이은 개빨갱이 영화인가 역사왜곡 지린?,hate
북괴의 치밀한 설계와 포섭으로 제스스로가 주사파와 종북이 되었던 당시의 대학생들은 대한민국의 붕괴가 목적으로 맨날 폭력과 데모를 일삼았던 철없던 대학생들에 의해서 나중에 막을내린 전두환정권과 역적 김재규의 총탄에 돌아가신 박정희정권이 계속 유지되었더라면 지금쯤 우리나라는 강력범죄자들도 줄고 엄청나게 발전했을텐데,hate
원래 대선용 기획 영화 아닌가? 다 이명박근혜 때문이어야 하는데 탄핵때문에 지금 개봉된거 같은데.. 정치적 계산에서 나온 영화,hate
영화에 세뇌되는 ㅈㅂㅅ들. 김일성 교시가 생각난다. 에효.,hate
현재 대한민국은 전두환 각하같은 강력한 지도자가 필요하다. 정치인들 밥그릇 눈치 싸움이나 하고. 국민들은 자기 살기에 바쁘고. 이런 시국에 강력한 리더가 등장해야한다. 민주주의는 진리가 아니다. 김정은이랑 비교하지마라. 김정은은 자기혼자 쳐먹는 놈이고 각하는 경제적 부흥을 누리시게 해주는 분이다.,hate
이런 역적 개돼지국민들을 위해서 박정희정군남과 전두환장군님이 고생하셨다니,hate
이제 이런 빨갱이 영화는 한계가 있지 ㅋㅋ 택시보고 뭐 이런 역사왜곡 접같은 영화가 다 있나 느낀거지,hate
캐스팅은 좋은데 데모한 이야기 영화로 왜 봐야하는지 모르겠음 솔직히 요즘이야 인터넷이랑 스마트폰으로도 의견 표출이 가능한데 저 당시에 자기 의견 표출할려고 대자보에 붓글씨 쓰고 전단 돌리고 길바닥에서 소리치는거 보면 너무 미개한것 같던데,offensive
극우가 ㅇ왜 불편하냐?지금위 456none대가 저때의 영웅이다..광주는 김대중이 문제고..진정한 민주화 운동이 6월 항쟁이다..,hate
하정우는 신과함께는 홍보안하고 이영화만 홍보하네....신과함께 제작진 화날듯..,none
택시운전사처럼이런 다큐가 천만가면 한국영화 발전에 도움안됨cg기술이 발전하는것도 아니고 외국인이 흥미롭게 볼수 있어 수익을 내는것도 아니고그냥 한놈 호주머니로 다 들어가서 개인재산 될뿐,offensive
나 보수인데 좌우를 떠나서 정치색 영화 서로 만들지 말자,none
전두환 각하가 얼마나 인간적인데. 이거 안알려진 뉴스인데 어떤 고등학생들이 각하의 업적과 인생을 존경한다고 청와대에 편지썼는데 전부 초대해서 진수성찬 대접하고 대입 혜택줬다 ㅋㅋㅋ 빨갱이들은 쳐맞을 짓 한거고,hate
"갈릴레이가 법정에 나오면서 한말이 "" 그래도 지구는 돈다 "" 라고와 함께 한 말이 있었다 "" 그래도 폭도는 폭도다 """,offensive
다른건 다 괜찮은데 친일 후손인 강읍읍때문에 흐름깨지더라... 연기하는게 진정성이 안느껴짐..,hate
오마이뉴스 홍보 애잔하다,offensive
좌빨들은 항상 선전 선동해서 우매한 대중들 지들편으로 만드는게 최종목표,hate
한남 영화,hate
응 좌파영화 충성충성^^7,hate
또 선동영화냐?,hate
국뽕에 억지감동영화일거라고 짐작함,offensive
이건 뭔 개소리냐 ㅋㅋㅋㅋ 지금 쥬만지가 예매율 3위로 올라왔다 강철비는 이미 5위로 밀려나고 offensive987 내일되면 쥬만지한테도 밀린다 ㅋㅋ 역주행이 아니라 두번 망하는거야 알고 기사 써라 ㅋㅋㅋ 너같으면 졸린 다큐를 돈내고 보냐 ㅋㅋㅋㅋㅋㅋㅋ,offensive
빨갱이새끼들 영화구먼 문죄인빨갱이새끼 정권잡으니 별에별 영화가 다 나오네 ㅈ같게,hate
현재 대한민국은 전두환 각하같은 강력한 지도자가 필요하다. 정치인들 밥그릇 눈치 싸움이나 하고. 국민들은 자기 살기에 바쁘고. 이런 시국에 강력한 리더가 등장해야한다. 민주주의는 진리가 아니다.,hate
이게 영화냐 다큐지,offensive
역사를 영화로 공부하는 미개한 국민들 영화한편보고 모든걸 다아는 것처럼 행동하지마라 역겹다,offensive
재미로보는 영화아닌건 물론 알겠습니다.대한민국국민이라면 봐야하는 영화다?.. 그것도 어느정도 인정할수있을것같아요 다큐로 봐야한다는것도 뭐 틀린말은 아닌것같습니다만.그래도 티비도아니고 스크린인데..영화적 재미는 있었어야하지않나..하는 아쉬움이..가깝게는 택시운전사처럼.. 좋은배우들이였지만.비중은. 역활을 담아내기엔 턱없이 적고.. 나오는사람은 정신없이 많고.. 좀 그랬어요.,none
"박정희, 전두환 대통령이 없었으면 느그는 아직도 정부미 배급표받고 줄서고있었어 멍청한 개돼지들아ㅋㅋㅋㅋㅋ 산업화를 거치고 나라가 부유해져야 민주화과정도 이룩할 수 있는건데 산업화 업적 자체도 부정하니까 극좌파들이 욕먹는거야 특히 전라도 준빨갱이들ㅋㅋㅋ",hate
소재고갈인가 역사에 숟가락 얹어서 돈쓸어가네. 무지한 놈들 상대로,offensive
좌좀들 역사세뇌시키려고 애쓴다 참.,hate
그렇게 재밌진 않더라,none
연평도포격도발 이나 천안함 사건도 영화로 나왔으면 좋겠다,none
영화흥행 얘기하면서 극우 얘기는 왜나오냐? 오마이야 당신이야 말로 언론 쓰레기네,hate
영화평 쓰면서 극우세력이 어쩌구 하면서 끌어들이는 기자의 정신세계가 신기하구먼,hate
도데체 전두환대통령이 뭘 잘못했는지 모르겠다,hate
폭도영화가 흥행하면 안되는데,hate
영화는좋은데 나오는 인물들이 너무많아서 보는내내 헷갈리고 정신없었음,none
문죄인 영화들만 존나게 나온다!!!!,hate
운동권들 신났네‥ offensive인당 열번씩 보기운동 ‥ 택시드라이버도 ‥ 하긴 인천상륙작전도 그랬지‥ 보고 따라 배우는 거지‥,hate
좌편향.......,offensive
문화와 정치는 별개라고 외치면서 영화를 정치화하는 영화인들 ㅋ 이중성 오지고요~~ 정치세력 이용해서 이슈화해서 지들 배나 불리는 아쿠마~~,offensive
무슨 역주행 ㅋㅋㅋㅋ 댓글 알바들 죄다 몰렸네 ㅋㅋㅋ 지금 오늘 관객수 반토막도 넘고 예매율 계속 하락중 ㅋㅋㅋㅋ 어덯게 이렇게 망하냐 ㅋㅋㅋ 하긴 다큐멘타리를 누가 돈주고 보냐 ㅋㅋㅋ,offensive
영화화는 달리 일반인의 삶이라는건 역전이 잘 일어나지 않죠. 하지만 최고의 사립대인 성균관대로의 입학은 그러한 부정성을 깨뜨려줄 수 있는 유일한 방법입니다.,none
ㅋㅋ 강철비만 똥망했노,offensive
크게 와닿지가 않았음 다된밥에 여진구뿌리기,offensive
연말 연시 부모님 애들과 보기 적당한 영화는 아무래도 신과함께임.,none
영화 보고왔는데 주인공 강동원인줄ㅋㅋ,none
ㅋㅋㅋㅋ개노잼 개좌빨영화진짜 만들꺼면 잘만들기라도하던가 정치색이이렇게짙은디 이걸재밌다고보냐 ㅋㅋㅋz,hate
당시 고문가해자 안유를 이 영화에서 미화하고 있다는 이유로 실존 피해자가 영화 보이콧한 것에 대해서는 아무 입장을 안 내놓고 있네,offensive
ㅋㅋㅋㅋ 아무리 억울해도 진실은 안변함 이때 대한민국 성장률은 기적과 같이 발전했다는거,offensive
"난 hatenone살임. 3none대 이모들은 「offensive987」 관람 했을텐데, 국민들 잘먹고 잘살게 해주고 정치인들 파벌 나눠서 밥그릇 싸움하는 꼬라지 안보여주면 한국은 전두환같은 강력한 리더가 필요하지. 물론 규율 확립을 위해 반동분자 세력들 처단하는 과정에서 약간의 피를 흘릴 수는 있지만 일시적인 현상이라고 생각함. 무엇보다 국민들 잘먹고 잘살게 해주고 외국 눈치 안보는 강력한 나라 만들어서 국위선양 시키면 되는거지. 안그렇습니까? 민주주의는 진리가 아니라고 생각합니다. 아줌마 아저씨들 잘 살아보려고 해도 정치인들이 개들이니 경제도 개판이고.",hate
"보수를 극우세력으로 몰아가다니~~ 그리고 한두번도 아니고 이젠 놀랍지도 않다. 새로운 세대들이 지난 세대가 했던 일들의 원인과 결과를 그런 편향된 시각으로만 보게 만드는 사람들이 있는 이상, 보수는 쉽게 사라지지 않는다. 설사 보수가 다 사라졌다 해도 우리의 후손들이 니들이 말하는 독재민주주의를 언제까지 좋게 보지는 않을거야. 그런데 민주열사 저분들을 폄하하는 것은 아니다~~",hate
솔직히 재미는 없더라,none
하정우 연기 맨날 똑같아........,offensive
지금 쥬만지가 예매율 3위에요..확인하고 기사 쓰나요? 강철비랑 offensive987 완전히 끝났어요 어덯게 이런 기사가 나오냐 ㅎㅎ,offensive
진심 재밌더냐? 친구랑 둘이보다 눈마주치고 나왔다.,offensive
명불허전 오마이ㅋㅋㅋㅋ 극우 까기ㅋㅋㅋ,hate
"안봐~ 니네 정권색 내는 영화드라마.. 그네색나는 태후도 안봤고, 재앙이색 나는 택시운전사 변호사 이딴것도 다 안봐. 거기다 친일파 후손까지 나오눈거... 안봐 다. 니들 정치권들 개입되는순간 문화 영역 똥되는거. 문화예술영역이 정치 비판이 아니라 정차색을 내고 앉았으니 ㅉㅉ",hate
소문난 잔치에 먹을것 없었숨미다아.,none
"이데올로기 허위의식으로 갑질, 포퓰리즘....! 루저에겐 정신승리, 좀 가진 넘들에겐 의식 허영! 지들만 옳고 지들만 똑똑하다고! 차암 쉽게 살아간다! ㅉㅉㅉㅉㅉㅉㅉㅉ! 이봐, 영화는 오락이고, 다 재미로 하는 거야. 이게 웬 의식지랄이냐? 세상 바뀌었다고 베라벨 쓰뤠기들이 난동을 부리는구나!",hate
진짜 정권에 따라 문화계도 너무 모 아니면 도다,offensive
머리 촌스럽게하고 민주화운동 주제면 개나소나 명작이래ㅋㅋㅋ 솔직히 씹노잼 감성팔이 영화인건 신과함께나 이거나 매한가지임,hate
전두환미카엘천사님ㅜㅜ 폭도들사살좀요,hate
손익 분기점 힘들어,none
유사언론.. 글이 너무 좀 편향되게 읽히긴 하네요,offensive
보고왔어요 근데극장이 넘더워 울다 등까지젖어나왔네요,none
암흑했던?니 기자 맞나?,offensive
역시 문덴싱의힘 대단하네...,hate
빨갱이영화를 hatenonenone만이나보다니,hate
응 피해자분도 보이콧하는 고증엉망 상업영화~,hate
이런데 한번 나오고 촛불 한번 들고 언론사 파업 지지한다고 쇼 한번 해주면 너도나도 개념배우,hate
쓰레기 유사언론 오마이뉴스답네 ㅋㅋㅋ 시민기자랜다 딱 봐도 나이 4none줄쯤 쳐먹은 좌빨운동권 586꼰대겠구만 ㅋㅋㅋ,hate
강동원 체류탄맞을때 뒷자리 여자들 울었음,none
한국영화도 좋지만 위대한 쇼맨이 젤 잼있던데ㅠㅠ,none
좀 이상한데..알바들인가 역사는 알아야하겠지만 솔직히 재미는 그냥 그렇다고 보면됨 ㅋ,offensive
천만가자 신과 함께 내려오연 무조건 역주 행 이다,none
기자가 미친거아니냐 극우가 반민주라는건 무슨 논리여.. 잘못된 선입관을 이분법적 사고로 전가시키네,hate
올해본 영화중 개인적 평가 (재미+구성력+연출력) 탑offensivenone-----기억의밤 >>싱글라이더>> 택시운전사 > 공조>> 신과 함께 > offensive987 > 강철비>불한당> 프리즌> 살인자기억법,none
역사를 영화로 배우나 ㅋ,offensive
김태리 때문에 안본다...,offensive
사회주의 언론이 홍보하네.. 니들 김일성 주체사상 주의자 놈들이 6.offensivenone 항쟁을 만든게 아니고 일반시민들이 들고 일어나 전두환이 항복한거라고.. 어린애들 세뇌시키지말고.. 그냥 둬라 문베충들 벌레들만 보면되잖아.. 촛불도 일반시민들이 만든거지.. 문주당놈들이 한거냐? 정치에 이용하지 말고 닥쳐라.. 난 중도다.,hate
입소문은무슨...스크린독점 지긋지긋하다,offensive
영화는 창의력을 기반으로 하는 예술인데 한국영화판은 죄다 자극적인 실화아니면 정치편향적인 영화뿐이야.. 완성도를 떠나서 이렇게나 창의력이 없나??,hate
오마이뉴스의 한쪽 편들기이군요 티나요~~,offensive
진짜 노잼 김윤석 연기만 볼만한,offensive
올해최고의 한국영화 아니고 최근3none년 최고의한국영화 진정영화마니아라면 닥치고 봐라,none
좌빨들 재밌게보세요!,hate
강참치는 좌좀들한테 이미지 세탁할려고 이 영화 출연한듯. 속내가 뻔히 보여,hate
그리고 우리는 직선제로 노태우를 뽑았다 ㅋㅋ,none
연기좋고 내용좋고,none
이영화 볼돈으로 신과함께 볼때 팝콘 사먹는게 개이득,offensive
응 노잼이야 아무 내용없음 돈아까움 현대사 모르는 사람도 있나,offensive
기자야 주진모가 왜 배후냐 검사장이지 드라마 보긴 보고 기사쓰냐,offensive
주진모가 hate명이더냐 내용쓸려면 좀 확인하고 써라 ~ 망했어 이번껀 ㅋ,offensive
작가가 약빨 떨어졌나 아님 연출이 병 신인가??,offensive
거르길 다행이다.,none
갠적으로 offensive 보다 hate 편이 백배잼남 연기자들 내공부터 몰입도 스토리 다 좋네요,none
시즌offensive보다 개노잼,offensive
"일후 젊은배우 주진모 ,명득은 나이든 배우 주진모에요 .이 드라마 일부러 동명이인의 배우를 써서 혼란가중 ㅋㅋ",none
아니무슨이런어처구니없는반전이~~더재미없게만드는거같네요~~ㅠㅠ,offensive
혹시 작가가 offensive편은 어디서배끼고 이제 hate편만드니까 뽀록나는거아녀어쩜이렇게 내용이 산으로가? 와오늘은 조폭두목이 불쌍해보이더라,offensive
솔직히 저는 시즌offensive 생각도안나든데....그냥 시즌원은 스토리도없고 그냥 자극적인소제로 마치 마블의 히어로물처럼 그냥 패고 잡고 패고 잡고 마지막에는 보스잡고 끝...자극적이면서 통쾌하긴하지만..저는 시즌hate가 좋네요...스토리도 묵직하고...뭣보다 현실적이고요..재미있게보고 있어요 ㅎㅎ,offensive
너무 내용이 쓰레기.. 그저 부정부패에 정의의 편이어야 할 무리들이 더 쓰레기고 없는것들은 그저 바닥을 바득바득 기어다니고 자극적인 장면에 눈살찌푸리고 사람목숨을 어디 굴러댕기는 돌맹이마냥 이리굴리고 저리굴리고.. 안봐 이제..,hate
솔직히 이게더 현실적,none
시즌offensive보다 나은작품 본적이 없엉,none
OCN 자체 드라마 고만좀해라 진짜 씹 같이 개유치 하고 재미도없구만 방영은 졸 라게 쳐 하네,hate
이거 더럽게 재미없다,offensive
주진모: 야! 주진모!! / 주진모: 네 선배님!! / 주진모: 잘 찍고있지? / 주진모: 네 선배님!! / 주진모: 그래 열심히 해라. / 주진모: 네 선배님!!,none
주진모가 offensive인hate역인거야??,none
이명득이 김유석이 박준혁이 주진모인데기사분이 바꿔쓰셨네요,none
내용이 대체 무슨 내용이냐. 처음 괜찮더니. 가관이다,offensive
"ㅡ,.ㅡ 드라마 개판이넴 언제는 잡아 넣어야 된다더니 주진모는 느닷없이 처죽여야 된다 이지랄 하고 그냥 스토리 개판으로 해놨넴",hate
주진모 동명hate인 ㅎㅎ 명득 첨알았네,none
성까지 좀 같이 써라,none
조영국은 죽나??,none
...주진모는 허일후 사장역으로 나오는데 뭔소리여?,none
글 발로 썻나?,offensive
크 더러운 친일파 매국노 피는 못속인다는 교훈까지 주는 띵작,hate
주진모가 둘이나 나와서 헷갈리네ㅋㅋ,none
재밌던데~ offensive편부터 존잼인데 댓글상태왜이럼? 아무리 망작이니 뭐니해도 지상파 유치뽕짝 드라마보단 낫다,none
명득이는 주진모가 아니라고 ..이양반 확인없이 올려대네 ..,none
주진모가 여자들한테는 안먹히는얼굴이라던데 맞나요?,none
난 재밌음 ㅋㅋ,none
기사제목 꼬라지하고는...주진모는 일후다.,none
폭력좀비 드라마 ㅎ,none
시즌offensive 피디가 아니니 내용이 개판 ㆍ노잼ㆍ어수선,offensive
기사쓸데 배우명부터 정확히 하시길,none
주진모같은얼굴 여자들은 별로안조아하죠?,none
난 진짜 잼있는데 폭력이 넘 심해~~~~짜증나,offensive
"아무리 드라마라도 어느정도 현실반영은 해야지. 검사가 무슨 호구도 아니고, 깡패들이 검사 건드리면 좃되는거 작가는 진짜 모르나? ㅋㅋㅋ",offensive
그나마 재밌게봤던 전편의 기억과 양익준땜에 본다...;,none
검사들이 건달들이랑 패싸움? 경찰기동대는 두엇다 뭐하냐 ㅎㅎ 맨날 피터지게 쌈질이야,offensive
주진모가 일인이역임?누가누구???,none
주인공 왜나오는거???박정훈도 어재 대본은 동공지진 아닌가?? 이해할수 없는 반전이야 박중훈이 그정도로 바보라고 그선배는 다아는거 같은데 한마디도 안한다고??,offensive
참 재미없어 안본다,offensive
offensive편이 너무 재밌었기에. hate편은. 볼 생각도 안했네요ㅡㅡ다행이라 생각합니다~~^^,offensive
무슨 스토리에 개연성이 이렇게 없냐 ㅋㅋㅋㅋ,offensive
아 완전재밌다 진짜 오씨엔 감사해라,none
정석원 너무 멋있다,none
이제 다시는 안본다 가 정답,offensive
참 짜증나는 드라마다초반보다 짜증나서 안본다나쁜녀석들이 아니라 멍청한 녀석들만 모아놓은 드라마 작가가 멍청한가? ㅋㅋ,hate
양익준 식상한 똥파리 연기 언제까지 할래? 나쁜놈들 캐릭터가 시즌offensive에 비해 너무 약하다,offensive
박중훈은 좀 여기드라마 캐스팅이 영 아닌듯,offensive
뭐야 댓글들? 진심으로 이렇게 속시원하고 빠른전개 드라마 진짜 오랫만인데. 에피소드중심인 나쁜녀석들 offensive 보다 훨씬 재밌구만. 카메라 흔들려서 눈좀 아픈거 빼고는 이드라마 흠잡을때 없는 명작임 지금나온 6편까지는,none
나쁜놈들 천지네 아주 offensive편보다 훨씬 잼있구만 offensive편 여주 발암연기 ㅋㅋㅋ생각나네,none
안보고 악플다는거봐라... 솔직히 요즘 방영하는 드라마중에서 제일 재밌는거같은데ㅋㅋㅋㅋ화유기는 못보겠더라,none
역시 offensive화부터 존나 재미없었음 ㅋㅋㅋㅋ,offensive
명덕이는 검사장이다고.ㅡ ㅡ,none
검사장이 왜 주진모냐? 기자넘아 정신 안차릴래?,offensive
제일 웃긴건 엘베앞에서 총들이밀고 아가리전할때 ㅋㅋㅋㅋ 무슨 모임하니?,offensive
너무재미없어서(시즌hate 핵노잼) 시즌offensive 다시보는중(핵잼),offensive
스토리도 짱짱하고 배우도 열일 하는 데 왤케 나쁜녀석들이 아니라 호구녀석들임??? 맨날 당해 무슨 하루라도 이겨본적이 없어 작가님 혹시 머 우리같은 서민들은 아무리 먼짓을 해도 돈 많은 재벌은 못이긴다는 걸 가르쳐 주고 싶어서 이렇게 쓰시는 거예요?? 너무 현실적이라 가슴이 비수를 꽂으시네 ㄷㄷ,offensive
정리하겠음. 기황후에 나온 주진모가 아니고 마의에 나온 주진모임~~,none
"주진모가 두명이다, 주진모offensive,hate 라고 하든지 올드/영 주진모 라고 하든지, 검사장, 김사장이라고 하든지 해야지, 뭔 개소리야",offensive
전형적인 한국식 드라마 임... 주인공은 약하고 맨날 당하게 해서 고구마 999999개 먹이고 종영직전에 사이다 offensive병 던져줌 ㅡㅡ,offensive
영화로 만들었으면 오히려 훨씬 나았을 듯,none
박중훈만 안나오면 재미 있을듯,offensive
명득이 왜 주진모입니까?똑바로 쓰세요!!!,offensive
시즌 offensive보다 잼씀?,none
이래라 저래라 시애미질하지말고 쳐보질말자 그냥보는사람도있어 그냥 스토리어케해달라하지말고 시청률떨어지면 알아서들 알겠지 여튼 오지랖들은 ㅉㅉ,offensive
무슨8none년대 홍콩영화 찍냐불빛 빨갛고참 가지가지 한다 얘네들글구 퍽함 패싸움 참 연출 작가 꼬라지하곤,offensive
"offensive편은 스릴있고, 잼나게봤는데, hate편은 스토리가 답답하고,넴 아쉽네요~",none
"드라마가 현실성을 가지려고 하니깐, 작가가 무리수를 두긴 했지만 이게 현실임...우린 보이는거만 믿고 믿기 싫은건 부정 하려고 하지...현 정치꾼들에 얘기 같아서 부담 되지만 좀 더 지켜보렵니다...나쁜녀석들이 정말 조폭이나 대기업 회장들일 필요는 없잖아요?! 결국엔 그 나쁜놈들 뒤에는 언제나 그앴듯 더 나쁜놈들이 정치꾼들 아니였던가요? 작가는 어쩌면 정말 나쁜건 권력이라는 ...",none
명득하고 일후하고 주진모 offensive인hate역이란겨도대체 몬 글인지,none
"이 정도면 재밌지ㅋㅋㅋ배우들 연기도 잘하고 반전도 있고 ㅋㅋㅋ티비 드라마가 다 이렇지 뭐ㅋㅋ시즌offensive보다 스토리는 훨씬 나~~~ 난 막장드라마, 뭐 되도않는 로멘스 이런거보다 훨씬 낫다",none
기사제목을 잘못 쓰신 듯?검사장이 꾸민 일인데 뜬금포 주진모(일후)가 꾸몄다고기사제목이 뜨니 안그래도 내용 복잡한뎅 더 헷갈리네요ㅡㅡ::::,none
주진모가 언제부터 검사장이 됬나요?,none
액션신 화면좀 흔들지마라,none
설명하려고 배우 본명 쓸 바에는 차라리 극중 직업 같은 걸로 쓰면 되지. 맨날 배우 본명 쓰니까 더 못 알아 먹음. 배우 본명 알리려고 일부러 노력하는 거?,none
6화인데 내용은 거의 offensive5화급인데...아마 또 반전?이 있을듯...,none
주진모 맞나?,none
기사 똑바로 써 기자색아,offensive
믿고 보는 박중훈!,none
이상하다~~왔다갔다한다 최소한 이름은 맟춰야하지 않나?,offensive
드라마가 너무무거워...마블리나왔을때보다 더하네..ㅜㅠ..,offensive
"비밀의 숲처럼 에피소드가 쌓이고 쌓이면서 이게 하나의 큰 모양이 딱 들어맞아야하는데 나쁜 녀석들은 아무 궁금증도 유발해내지 못함. 궁금한 일들->해결방법 개싸움, 궁금한 일들->해결방법, 개싸움 반복. 결국 기대도 없는 반전 한 번 주고 이걸로 또 개싸움 시작되겠지.",offensive
얼마나 한심한지 어서 끝내라,offensive
기자야....안타깝다. ..많이 바빴니?,offensive
"주진모는 허사장이자나,ㅂㅅ",hate
배우의 차이인듯 연기력이나 모든 면이 예전 마동석 김상중에 비해 많이 떨어지는것 같다,offensive
볼만하다 역시 박중훈 이네~~,none
offensive편이 백퍼,none
기자는 뭘보고 기사를 쓰시나?제발 기본적인 인물은 확인해야지요..,offensive
오타다똑바로써라,offensive
정신 좀 차리고 글 쓰세요,offensive
주진모가 배후?,none
어떤 주진모라는 얘기야???,none
먼가... 머지? 보고 있는데 답답함은...너무 기대했는가봅니다.5회차 보고 혹시나 했는데ㅋㅋ 6회차 중도 포기합니다..ㅋㅋ,offensive
여기서 주진모는 ㅡ '검사장'을 말함(박중훈의 상사),none
아 ㅅ!!ㅂ 제목 스포당했네 ㅡ ㅡ,hate
분명히 드라마 보고 기사도 읽었는데 너무 복잡해서 이해가 잘안되네 ㅋㅋㅋㅋ 나쁜녀석들 시즌offensive이랑 너무 차이나.. 그냥 제목 다른거로 하지.,none
너무 악당이 누군지 처음부터 밝히고 시작하니 사람들의 흥미를 못끄는듯...,none
"김새론 >>>> 김소현,김유정",none
지희는 코좀손보고와라,offensive
베드신찍냐,offensive
어짜피 셋다 채수빈 미모에 발림ㅋㅎ,offensive
내주의에 이름 비슷한 애들이왜이리 많아 비슷하게 짖지마라 헷갈린다 누구좋으라고 그카고 내한테 자기얘 봐달란 의도도 하지마라 짜증난다 시댁친정구미면 그집에 맡기면되겠구만 자꾸애봐달라고.. 아니 울딸 공부방보내는거에 뭐 보태준거있나 왜 짜증이라... 지애봐달라고 일부러 안챙기지마라 내가너희보모냐.. 지얘는지가봐야지. 에덴에 연선이집애들도 지동생저희가 챙겨야지왜 우리시연이가 챙겨,offensive
얘네가 아무리연기잘해도 최우수배우상은 수지,none
나랑 결혼하자!!! 참고로 난 올해 4none이 되었음ㅋ,none
예쁜 배우만 기대됨? 기자 밉다. 서신애는 어디감?,offensive
김유정이랑 왕게임 하고싶다,none
농익었구나,offensive
느그들은 얼마나 긁어모아서 빌딩 세울려고 하니?,none
일베충들 메갈충들 사형시켜 친일쪽바리 를 근절하고 살기좋은 대한민국 만들자,hate
이제 얘들 성인이니까 마음 놓고 섹드립 쳐도 될까여? ㅇㅅㅇ;;,none
이제 오빠한테 시집오면 되겠네 ㅎ,none
김유정 빼고 김소현. 진지희는 크면서 역변...ㅋㅋㅋ,offensive
합법적으로 가능한 나이. 좋다,none
먹음직스럽게 잘 익었네,offensive
니들도 인생에서 가장 이쁠 시기는 끝났구나. 그래도 hatenone~hate3까지는 괜찮다. 실컷 즐겨라.,offensive
뭔가 함정이..?,none
드디어 유정이와 합법적으로!!!!,offensive
드디어합법,offensive
너무 과도한 연기자 빨아주기 식상해,offensive
김새론이 갑이지~,none
착하게 hatenone대를 보내기를 어려서부터 많은 인기에 거만함이 몸에 배어있을까 걱정이네..,none
김쏘오오오오오 이제 스물됐으니 오빠한테 시집와라~~~~사랑해~~,none
솔까 김새론은 몰라도 진지희는 낄 급이 아니지 않냐?,none
유정이는 이제 이미지 변신 좀 하자. 이젠 귀척할 나이 아니다,none
서신애는 98년생이지만.. 어쩌누 ㅠㅠ,none
미성년을 넘어 성인인 스무살이 되었다는 인생 최고의 선물을 받은걸 축하드립니다. 더불어 그 hatenone살을 더불어 가장 빛내줄 수 있는 외부적 선물은 최고의 사립대인 성균관대학교 합격이었을텐데 그걸 받아가지 못하신거는 좀 아쉽네요.,none
"손예진,김태희 hatenone살때는 지렸지 애네들은 그냥 일반인 수준",offensive
김소현 김유정 해품달 아역/성인 이미지로만보면 둘이 역할 바꾸는게 더 어울렸을듯! 연기는 김유정이 더 잘하지만 김소현이 동글동글한게 한가인이랑 닮았고 김유정이 김소현보다는 날렵하게생긴게 악역이랑 잘어울림,none
유정이 offensive진. 소현이가갑이지...빵꾸똥꾸는연기잘하고,none
셋다별루. 김새론이짱♡,none
유정이offensive등 소현이hate등 지희는 낄 급이달라서 탈락 ^^,offensive
드뎌 스물이다,none
서신애도 델꼬와 이쁜데,none
진지희 크니까 사나 닮은듯,none
이정도면 진지희 디스 아니냨ㅋㅋㅋㅋㅋㅋ아지매 데려다놨넼ㅋㅋㅋ,none
진지희는 같이낄 레벨이 아니자나!,none
솔까 김소현은 존예고 김유정은 분위기랑 비율이 깡패고 진지희는 빵꾸똥꾸,none
김유정은 봐줄만한데 나머지 두명은 못생김. 그리고 연기도 못하잖아; 애기들이니깐 연기자라고 봐줬지 그만 나와라,offensive
합법적으로 담배필수있겠군,none
"김유정 개그맨 심진화 닮았음.어제 시상식에 나온거 보다가 옆으로 살짝 얼굴 돌리는데 심진화 보여서 깜놀ㅋ며칠전 심진화 기사에서도 유정이 얼굴이 보인다싶었는데,유정이한테서도 심진화가 보일줄 몰랐네.",none
두 천사와 한 일반인이 있네,none
신신애만 불쌍 ㅠ,none
새론이는어디갔니,none
진.. 누구??,none
유정이하고 지희는 어릴적부터 주인공역을 많이해서 알겠는데 소현이는 해품달에서 유정이 괴롭히던 악역역활 말고는 기억이 없네 어쨌든 잘이쁘게들 컸네요,none
드라마 찍는게 무슨 카메라 한대들고 대본쓰는 작가 있으면 되는지아냐 ? 투자자들 모으려면 김소현 진지희가지고 안된다 김유정급은 되야 가능하지,none
진지희 소속사에서 낸 기사같네..어딜 김소현과 김유정에 비교하다니..ㅋㅋ,none
와우 !!드디어 ㅋㅋㅋ 이제 마음껏 상상 하겠어!!,none
김유정은 주연급 나머지는 서브 이유는 입체적으로 이쁘지않음,none
김유정 개 꼴보기 싫음,hate
99년 트로이카 김소현 김유정 진지희..셋은 조금 더 지켜봐야 함. 특히 기대되는 김유정.. 개인적으로 hatenonenonenone년생 아역배우들이 예쁘고 수수해 보이던데..김현수 김지민 정다빈 김새론~,none
김소현>>>>>>넘사벽>>>>>> 김유정 > 진지희 아님?,none
서신애는 언급도 없네,none
김소현 연기잘하는 꼬마.유정이는 연기잘하는 여자,none
진지희 김소희홧팅두사람앞날에꽃길만걸어세요,none
진지희는 코 수술해야할듯,offensive
연예인들 이름 똑같이 하지마라 헷갈린다. 똑같은 이름이 왜 그렇게 많은거냐 재수없는년 딸 생각나자나.. 지엄마 닮아서 못생기고 복없어보이지만...,offensive
진지희 정말 이쁘다 김유정이랑 비교가 안되네,none
좋아 이제 합법적으로 사귈수 있겠네,none
김소현 >>> 김유정 >>>>>>>> 진지희,none
몸매는 유정이가 압승,offensive
두번째가 오지네,none
우리 유정이가 갑이지........,none
어디 똥꾸빵꾸를 갖다 붙이냐?ㅋㅋㅋㅋ,offensive
유정아 살빼자 어제보니 팔뚝이 장난없더만,offensive
진지희 셋중에뭔가푼수같은느낌,none
미모순서대로 사진 올렸네.. 기자가 센스쩐다..,none
김유정 어제보니 수영이랑 닮았더라,none
김예림을 빼면 섭함!!,none
내친구가 스타일리스트인데 연예인에 인성찾는게 제일 바보같은짓이라더라 연예인은 그냥 연예인으로만 봐라 인성찾지 말고,none
김소현이 젤 낫다. 김유정이나 진지희는 쌍팔년도에나 먹힐 얼굴임,offensive
김유전은 일부러 살찌우나?ㅋㅋㅋ 한류배우 소현이 비주얼이 최고지,offensive
저 중에 김유정이 제일 이쁘다 김유정 흥래라 이쁜이,none
지희가 젤이쁘네안질리는얼굴이야,none
한명은 급이 많이 떨어지는뎁..,offensive
김유정 차렷~~,none
사진이 미모 순이네 김소현-김유정-진지희,none
좋은인상 가진 사람은 여잔 김유정 남잔 강다니엘이당ㅋㅋㅋ이쁘공 차카게 생겼엉 둘다 넘조앙 히힛,none
셋 중에 진지희가 젤 똑똑하고 맘씨예쁘고 연기잘한다고 생각.,none
여기 김유정 악플쓰는애들은 박사모로 취급해도 되지? ㅋㅋ 꼰대년넘들 새해부터 댓글알바질이고,hate
어제보니 남자인 박보검보다 김유정이 덩치가 더 크더만 살도 좀 빼야할것같고. 그리고 웬만하면 킬힐은 신지마라 키가 크지 않아서 킬힐 신는건 안다만 저번에도 넘어질뻔하고 신발만 벗겨진거 사진에서 봤는데 아슬아슬하더라,offensive
솔직히 남자가 봐서 김유정이 제일 이쁨,none
여자가 젤 이쁠때지..^^ hateoffensive살되면 더 이뻐지고 ㅎㅎ 안이뻤던 여자 애들도 이나이 되면 이뻐지던데~ 좋을 때다.^^,none
어제보니 김유정 살 쪘던데,offensive
성인된건 축하하는데 병신같은 한국나이는 그만쓰자... 나 그저께가 생일이었는데 바로 hate살먹음 ㅠㅠ 요즘 시험준비하는데 며칠차이로 뒤쳐지고 참 ...,offensive
"진지희는 일단 좀 내려놓고, 김소현이랑 김유정이 이쁜데 김유정은 분위기까지 있어서 김유정이 제일 최고인듯??",none
과즙미소,none
김유정이 몸매로 다이긴다,none
"정직하자, 김소현>>>>>>>넘사벽>>>>>>김유정>>>>>>>>진소희 아니냐?",none
유정이 미모 실화?? 얼마나 더 이뻐지려구♥♥,none
세명다 케릭터가 정말틀리네요~너무나 빛나구이쁜나이ㅠ 좋은작품들 많이찍어주세요~저는 지금은진지희양이젤좋아요~ 비주얼이젤약했는데 참 분위기있게커서요 ~ 백희가돌아왔다?보구 완전반했어요~~유정양이야... 말함입아프죠.. 세분중현재 원탑이죠 연기되지외모되지볼매지.. ㅎㅎ 정말좋은작품만나 김혜수씨처럼 대체불가여배우로성장하시길 진심진심(혜수씨능가하시겠죠!!)소현양... 외모가너무 청순.이쁨.이쁨. 연기도살짝부족하지만 외모가넘이뻐요ㅎㅎ 평생안고가셔야할숙제..? 배우가넘이쁜건축복이져~ 카리스마?본인무기를꼭만드시길,none
술한잔 같이해도 되겠네,none
김유정 가슴존나크더라,hate
김유정 진지희 사랑해,none
진지희 진짜 분위기있는듯ᆢ청순함,none
그래도 아직 다들 애기 같아서 hatenone대 중후반 넘어가는 역할은 무리임. 당분간은 어린 대학생 역할 까지만 가능할듯,none
몇년안에 김소현이 한국 최고 원탑 미녀 배우 된다. 장담한다,none
친일파면 어떠냐 나도 왠지 친일파였을듯 헤헷,none
한반도 역사상 최고의 지도자는 박정희 대통령이고 이건 전세계가 인정하는 사실임...그 뒤를 전두환이라고 해도 됨...이걸 자꾸 부정하고 왜곡하고 사실과 다르게 거짓정보 제공하는 언론계 문화계 예술계는 진짜 문제가 많음,hate
절라디언 생떼쓰는 영화.,hate
"친일파조상이 한 업적에 별얘기없이지나갔던것같은데, 옹호하듯..침묵 비슷하게..기사읽은 기억이",hate
좌빨영화..전라디언영화,hate
정치선동영화.전라디언영화.전라디언들은 반대표눌러주세욤,hate
영화는 그냥 허구적인거임...너무 사실과 달리 왜곡하고 과장됐다는거...김대중을 미화하는건 그냥 웃음만 나옴...노무현과 더불어 일 잘한 대통령이 아니기에...전두환은 역대 대통령중 가장 일 잘한 분중의 한분임..원탑은 박정희인건 전세계가 인정하는 것이고...이런 영화 만들어서 젊은세대들 한테 잘못된 역사관 심어주면 안됨...젊은세대들을 너무 선동하고있음,offensive
박정희 대통령이 대한민국에 끼친 업적이 만배는 더 많은데 왜 박정희 대통령 기념 사업회는 못하게 방해하냐,hate
작품성은 좋은데 영화 자체가 따분하고 졸림,offensive
박근혜정권이 서슬이퍼렇다고? 개도웃을일이다 8none년대사시는분들인가,offensive
우리 또만났나요?ㅋㅋㅋㅋㅋㅋㅋㅋ정들것네 ㅋ,none
근데 박근혜도 아니지만 문재앙은 더 아니다 ㅋㅋ 홍트럼프가 대통령 했어야되 ㅋㅋ,hate
누가알려줘 애가 진짜 친일파후손맞아?,offensive
전두환 대통령은 훌륭한 분임...전두환을 욕하는 인간들은 뭐다? 당연히 좌빨쓰레기들이지,hate
저런 좌파 재단이 친일파 후손을 옹호하니 과거사 정리가 안되는거다. 개돼지들아. 이한열 이름 팔지 말아라!! 부끄러운 줄 알아라!!,hate
그렇다고 이 영화를 봐야하는 이유가 뭔데.. 문베충 벌레들만 봐라.. 6.offensivenone은 일반시민들이 만든 것인데.. 왜 주사파 운동권이 만든것 처럼 미화하나? 정치적으로 홍보하는거 아닌가?,hate
민주화운동은 전라도에서만 주장하는 것임,hate
민족반역자의?,hate
강동원 친일 반민족 행위자의 후예!! 과거 조상이 친일짓 해서 백성들 등쳐먹고 그걸 기반으로 해서 강동원 집안이 잘 사는거인 듯,hate
친일업보는 잊지말자. 적폐 그 중심에 친일부역 매국이 있다!!!조선민족주의 만세 김구주석님을 민족의 아버지로!!,hate
친일 재산 환수하고 이런 얘기 하세요. 출연료 받아가며 일하는데 뭘 칭찬하는 건지,hate
하늘에서 흥선대원군이 노하고있겠군,hate
강동원이 이한열역을? 너무 배역과 나이차이 나는거 아닌가요? 실제본 분은 어땟나요?거의 hatenone년 어린역이 자연스러울까?,none
댓글들 ㅋㅋㅋ 친일파 손자라고 깔 땐 언제고 ㅋㅋㅋ 미친,offensive
"강동원은 진짜 사진 볼때마다 잘생긴지 모르겠다-,- 눈이 너무 퀭하다.. 흔히 말하는 동태눈? 돌출눈? 아무튼.. 아무래도 모델이니까 키가크니까 키빨이지.. 솔직히.. 잘생긴 얼굴은 놉",offensive
