comments,label
이런글 진짜 안궁금합니다,0
이미 대놓고 수많은 사람들과 몸섞은 힐튼이 결혼후라고 달라지지는 않을텐데~남자는 돈 노리나~~,1
어우 남자가 맹인인갑다,1
낸시랭 생각나내,0
결혼해야지... 또래들은 벌써 애키우고 있는데,0
오랜만에 힐튼비디오나 봐야겠다 ㅋㅋ,0
정말 밤일 하나는 잘하던데.,0
나 같아도 힐튼이랑 결혼한다 야 솔까 왠만한 김치녀보다 만배는 낫지 않냐?????,1
그래 저런짓은 하면 안되지 청혼할 때 남자가 왜 여자에게 무릎꿇냐 이건 남녀평등에 위배된다 안그래 패리스 힐튼보다 가성비 마니 떨어지는 한녀들아 ?????,2
창녀들은 꼭 남편될 사람에게 자신이 과거를 밝힌다 결혼해서 성깔나와서 이혼당하지 말고,1
힐튼이 입은 스키복 진짜 너무너무 예쁨,0
2년 내에 이혼한다에 내 꼬추 건다,1
힐튼이야 외모도 그럭저럭 되고 돈이나 많지 쿵쾅이들은 대체 사는 이유 무엇?,2
곧 또 이혼하겠지,1
걸레도 이런 걸레가 없다,1
서양남자들이 반지주면서 무릎꿇는거 원조임. 프러포즈 단어도 한국에없던단어지요. 다 양남따라해서 이정도된것임. 갓양남들이 역시 더치한단소리는 외국루저들의 주장일뿐이었다.,1
부모 잘 만난 덕에 상또라이짓해도 모든게 용서되는 년.....종교의 모순점을 극명하게 드러내준 개인...,2
쟤 보나마나 한달인가 두달 쯤 있다가 파혼한다.,1
네이버 댓글은 메갈이 점령해버렸네,1
저 듣보 배우 인생 폈네.. 좀만 살다 이혼해도 위자료가 얼마야ㅋ,1
힐튼이 더 좋아하네ᆢ 그리 미남두 아닌데ᆢ,0
"4살 차이가 궁합도 좋고 다 무난한듯요, 살아보니.",0
2년가면 많이 간다.,1
어차피 몇일 안가서 결별하겄지..한두번이냐,1
몇일 가려나? 혼인관계가?,1
3년안에 이혼뜬다 올린,0
몇년 갈까? 진심 궁금함,0
짧게 살다가 남남되겠지,0
패리스 힐튼 진짜 안 늙네;;;,0
언니 결혼하시는 거에요?? 축하해요!!!,0
다이아수저 물고 태어나면 어떤 기분일까,1
그나저나 한결같은 힐튼패션...,0
키185에 잘생긴 훈남이 최고지. 지나가다 그냥 윙크만해도 여자들 알아서 다넘어감,0
과연 몇 번을 헤어지고몇 번을 만날 지가 더 궁금하네~,1
"스키복 예쁘네요, 축하해요",0
남자가 봉 잡았네 여자나 남자나 늙으면 지는 거ㆍ힐튼인들 별수 있니 돈이나 열심히 대줘라 이혼은 저 남자가 신청할 듯,2
배우처럼 잘하더만 ㅋ 스킬쩔던데 키키,2
나도 남자지만 남자들 댓글은 일차원적이고 참 더러워 머리에 든게 섹스밖에 없냐 개한심하다,2
돈많으니 어린남자랑결혼하네 저게 진짜 미스골드녀지 ㄹㅇ 나이들고 결혼못하는건 그냥 노처녀,2
이혼소식 기다립니다.. 몇달 후일까요? 몇년 후 일까요?,1
"패리스힐튼=김준희, 돈많고 와꾸도 되고 몸매도 착해 어린애들 데리고 놀 능력은 되나 결국은 깨짐!",
그리고 3일뒤이혼,1
다음달은 이혼 발표인가..,1
미래에서 왔습니다...1년 못살고 진흙탕 싸움...,1
패리스힐튼 문제로 이혼하면 저 남자는 위자료 챙기고 개꿀이지.,1
남자가 사람잘패게 생겼던데?,2
곧 이혼도 하겠지.,1
댓글이 남자가 더 많다는건 (그것도 30대 남성 ㅋㅋ)= 능력 없어서 장가 못가고 있는 한남들 ㅠ 불쌍 한심 애처로움,1
남자들도 돈많으면 쿵쾅이들 쳐다도안봐^^아 맞다 돈없어도 안본다 ^^,2
개노잼,1
맛도 없어보이는 김밥 라면이 만원ㅋㅋ야 거기에 삼겹살이라도 들어갔냐?돈까스는 2만원ㅋㅋ빕스도 그것보단 싸겠다ㅋ서민들 기죽이는 프로그램일세ㅡ.ㅡ당장 폐지해라,2
근데 솔직히 재밋진 않앗다 볼만 햇지만...,0
대체 언제적 강호동이야 강호동 이수근은 1박2일 이후로 퇴물 된지가 언젠데,1
아무리 그래도 이수근이 나오는건 무조건 안 봐.. 강호동도 똑같은 놈이고...,2
어떻게 내가 싫어하는 사람들을 이렇게 조합해놓지 ㅠㅠ,1
자영업자들 탈세나 하지마라 과포화인걸 정부탓 최저임금이 무슨 자영업유지 시킬려고 존재하는 제도인줄아는 무뇌들,2
강호동 좀 질린다 질려,2
강호동은드럽게 음식하면서 왜케떠드냐침이다들어카안재현만죽어라설거지에 이것저것하는데강호동 시끄리듣기싫다,2
억대 출연료받는늠들이 지라ㄹ을한다 지랄을~ 니들이 하루고생해서 10만원버는 서민들 맘을 알고 지랄을하는건지ㅉㅉ,2
군대 안가고 탈세 하는넘들 그만 내보내라....애들 교육상 안좋다,2
이윤이 남아야 장산데 강호동이 장사를 더럽게 못했음,2
영업시간을 생각해봐라 충분히 먹고 산다.,0
ㅋㅋㅋㅋ 죄인이 최저임금 만원 가즈아 ㅋㅋㅋ,1
머리나쁘네 쟤네 원가에 숙소비 포함이다제주도 펜션비 감안하고 다시 계산해보시길,1
10만원 벌어서 어디 기부도 못하고 뭣하러 그 난장판을 벌였냐,1
강호동 이수근 이승기 은지원 엠씨몽 김씨 이렇게 다시 모여서 강식당2 하면 재밌겠닼ㅋㅋ,0
영업신고와 사업자등록은 하고 했나요??사업자라면 부가세와 종소세 납부하고 오른 인건비까지 식당해서 정말 남는거 없어요.누구를 위한 식당인지 고민해 볼 필요가 있습니다.,1
자영업 10만원 수익이 현실이라고?ㅋ 준비없고 노력없는 하푼이들 현실겠지 ㅋㅋㅋㅋㅋ 주관적인 기사좀 그만써댔으면...아니면 적어도 이런쪽 글쓰려면 발품팔며 사전조사 몇곳만했어도 이딴 비전문적 무개념 거지같은 글 안쓴다 ㅡㅡ 사무실이 ㅊㅓ박혀 시간떼우다가 대충 한줄 끄적대도 월급나오자나 ㅋ,2
강호동은 뭔가 식상하다. 여기저기 나오는데 다 똑같음,2
"마지막회 까지 ""그쪽성별""이 손님석 다 싹쓸이 하네. 어제 씨름하는 초딩들빼고 성별분포도 그쪽성별이 80%이상 차지. 1회부터 5회까지 특히 2회는 그쪽성별이 100% 다 차지함. 남자는 그시간에 뭐함?? 아.. 그쪽성별 먹여살린다고 직장에서 일하고있지??",2
악덕강사장은 알아서 기레기들이 오버기사써주고!!!!!!!! 힘든소상공인들 힘내라!!!!!!!!,0
연예인들돈쉽게벌지?이게현실이다 또만들어 개고생좀해라그래도출연료는받겠지,1
근데 안재현은 자기 광고 하는거 너무 티나게 하더라,1
은지원 짜증 좀 내지마라 너 동료들이 너 눈치본다박근혜 조카야,2
흑자 10만원 좋아하시네... 최저임금 주고 나면 마이너스 천만원정도 되겠네...,1
서민들 삥뜯어서 좋냐? 흑자라고 좋다네? 저런거 사먹는 사람이 호구지.,1
돈까스 하나에 2만원이 넘는게 말이되냐?,1
"손익계산서상 흑자 10만원이라면, 그냥 망했다고 봐야지. ㅋㅋㅋㅋㅋㅋㅋㅋㅋㅋㅋㅋㅋㅋㅋㅋㅋㅋㅁㅋㅋㅋ",1
손님들을 번호표로 뽑아서 몇테이블만 받으니까 십만원밖에 못번거죠 진짜 매일 아침 강식당 들어가볼려고 근처에서 줄섰던 사람들 다들어갔으면 대박났을텐데 ㅋㅋ 물론 엄청 힘들었겠지만ㅋㅋ 그것 또한 재밌었을테고,0
장난치지말고 앞으로 이런 방송은 하지마라,1
이걸 먹을라고 문앞에서 추첨해서 들어가는 꼴이라니.......,1
뭔 5일 장사해서 10만원 남으면 왜하냐 알바비도 못주는데,1
돈까스 21000원이던데 개창렬,1
일단은 메뉴도 별로없는데 일하는 사람이 너무많음 실제 음식점이면 그정도 메뉴면 3명이면 돌아간다,1
"정확하게 말하면 적자입니다. 부가세, 종소세, 직원들 급여 계산않 했죠. 사대보험 계산않했죠. 수도요금, 전기요금. 가게 보증금, 5일간 세, 인테리어비, 뭐가 흑자인지..",1
다섯명이 하루만 노가다 해도 50만원 이상이네 헛짓 작작해라,1
애초에 남기려면 저렇게 장사 안하지 ㅋㅋ 자영업 어려운건 맞는데 현실을 보여준다는건 개소리. 아 그냥 어그로 끌고 싶은건 알겠음.,1
장사에 기본도 없는 사람들이 예능이라고 장사하는꼬라지 보고있자니 어이가없더라 적어도 기본은 해야지 조리하면서 모자도 안쓰고 마스크도 안쓴상태로 계속 말하고 한심하더라,1
제주산 돼지고기비싼대 수입산쓰면대지,1
시급 주면 뭐 없지.,1
어기면 감옥가는 최저임금도 계산안하는 PD랑 기자가 제정신인지... 흑자 10만원이 아니라 적자 수백에서 천만원 정도 될듯....,1
우리 이니가 최저임금 쳐올려서 망하는 자영업자는 더 늘고 물가 수직 상승할거야 갑자기 강대국이 됐다 물가 강대국,2
유재석에겐 미안하지만 강호동 최강자 1인 시대가 돌아왔음을 알리믄 축포다 강식당은,0
광고비로 벌엇자나,0
예능이니깐 흑자10만원 나왔다.한심한 인간들...,2
"최저시급 올린다? 이제 알바 안 쓸걸? 이미 대기업은 최저시급은 준다. 그런데 일반 음식점에서 그게 가능한가? 결론은 법적인 이해관계가 없는 사람들을 쓰게된다. 친척관계도 나중에는 고발할 가능성도~ 이건 뭐냐면 주인이나 알바나 다 똑같게 돈을 가져가는 구조로 만들고, 결국엔 무고용으로 가게할거다",1
자기들이야 돈 받으면서 촬영용으로 몇일하는거지만 이거하나 붙잡고있는 많은 사람들은 어이가 없네 6일에 감가상각 따져서 10만원 바로 문 닫아야하는거지 그러니 보여주기식 프로는 이제 그만 좀 합시다. 피눈물 납니다 정말.!!!,1
저렇게 운영해서 10만원이면 어떻게 먹고사냐? 현실성이 부족하다.그냥 예능으로 가라.,1
자들은 재료를 비싸게 사자나..소매상한테 사드만 그리고 고기는 제주흑돼지 이윤이 남을리가없다 ..딱보니 음식가격도 비싸드만,1
총평 - 이수근이 멱살잡고 하드캐리했다,0
먹방도 지겹고... 재미없어. 예전의 신서유기를 원한다...,0
윤식당 2나 빨리 해주셈,0
그 힘든 자영업을 문재인이 더 죽이네 ㅋㅋㅋㅋ,2
10만원 흑자라고 쓰지 마세요.거기서 일한 연예인들을 최저임금이라도 줬다면 적자죠.식당을 운영하는 사람으로 인건비와 재료에 대한 비용도 생각안하고 흑자라니 어처구니없네요더이상 이런식으로 기만하지 맙시다.,1
인건비 이런데도 올린다고?,1
자영업의 가장큰 어려운점은 카드 수수료인데 계산했나요?,0
"숙박비가 워낙 비싼데다 회전율이 워낙 낮고, 시간도 점심시간만 하다시피하니 어쩔수 없는듯... 숙박비만 아니었어도 흑자가 훨씬 컸을텐데 돈 벌자고 하는 일이 아니니까 저렇게 한거지",0
인건비 안빼도 저걸 흑자라고 말할수있냐 아직 세금 기타전기수도는 하나도 계산안하고 십만원남았다고하면 곤란하지,0
인당 2만원이라도 남은게 아니지. 가게 임대료 전기료 수도료 등등 제하면 현실에선 완전 마이너스라서 2만원씩 조차도 지급 못해주고 쫄딱 망해서 길바닥에 나앉아야 되는거지,2
남는장사? ㅋㅋㅋ 그럼 차려서 해봐 ㅋㅋ 노가다 공장 3D 직종들 보다 힘든게 식당이야~~ 연예인이니 장사가 저정도 된거지 ㅋㅋ,1
원래 요식업계가 마진빼려면 3년~5년은 해야지 투자금액 빠지는데 5일 운영했으니 저정도에서 끝난거지. 당연한걸 왜 자영업이 어떻다 ㅋㅋㅋㅋ,1
출연료가 얼만데 흑자냐,1
인건비=10만원+숙박비+식비 로 보는 게 옳습니다.,0
5일해서 350만원이면 한달하면 1천4백만원 1년하면 1억 6천 8백만원이다 도대체누가 적자라는거냐 이정도 매출올리는 식당이 많은줄아냐,1
임대료 전기.가스비 등등 감안하면 적자 아닌가요?,0
신서유기외전 수근식당 가즈아,0
나도먹어보고싶었는데.체인점생길라나?,0
이것도 흑자구나,0
"가게 5일 대여면 100-200만원 할거고, 직원이 4명이면 45만원*5 = 180만원대략 300만원 적자부터 깔고 시작이네요. 어떻게 10만원 이익인가요... 기사좀 똑바로 쓰세요.호락호락 하지 않아요.",1
개업하고 일주일도 안되서 흑자난거면 대박집인데...,0
출연료는 수천만원인가요,0
이수근 하드캐리했다 ㅎㅎㅎ,0
강식당 왕전 재밌어요 ㅋㅋㅋㅋ 규현 없는 아쉽네~ 나피디 강식당2 꼭 해야지... 2019년 빨리와,0
인거비 가게세 투자금 카드수수료 세금 저건 망한거지,1
연예인들이야 돈받으면서 하니 일주일에 10만원이면 흑자라고 하지만 우린 4주에 40만원 한달에 40이면 돈 안받고 한달에 가게 하면서 40으로 살아보소 피눈물 납니다. 제발 부탁인데 바람 좀 넣지 마소 노력안한다고 욕도마소 이러다 내 마지막은 가족들 눈물바다 됩니다.,1
잘봤습니다 강호동씨~,0
마지막은 일기냐? 시청 감상문이냐?,1
힐링과 웃음과 재미를 줬던 강식당,0
"우와,..평일 저정도면~~,,금방부자 되겠네요..ㅋ 연예인분들께서 하셔서..그렇게죠,,ㅋㅋ",0
노우....임대료등 유지비 계산 안했어요 그만큼 자영업이 힘들다는 거 알게 해준 내용이네요.,0
대놓고 정치선동하는 좌태호보다 은근슬쩍 현 정부 정책 비판하는 우영석이 낫다. 최저시급 정책 참 문제 많어,2
야 그렇게 계산할거면 가게 임대료 인테리어비등등 들어간건 왜 계산안하냐?ㅋㅋ,1
인권비는 빼고 흑자?? 그저웃지요 ㅎ,1
저안에 숙박비도 들어간거랑 첫날 0원 고려해야지,0
자영업이 얼마나 힘든지 알려줘서 고마워 ㅎㅎ. 저기에 직원월급 알바비 빼더라도... 임대료 전기료 수도요금 각종 세금 빼면 무조건 눈물나는 거지.,0
안배우 악플 신경쓰지 말아요~~~다~~~관심이에요~,0
강식당도 시즌제로 했으면 좋겠다 나중이 규현오면 투입하고ㅋㅋ,0
위너꽃청춘 깨알같이 잼나고 웃김 아이돌싫어하는사람들이야 머 안보면되고,0
방송이라 가격도 싸게 책정하고(400g에 2만원이면 싼편) 재료도 비싼거쓰니 당연히 마진이 안나오지 ㅋㅋㅋ,0
자영업은... 전부 수입산쓰고 msg범벅을 해주는데...,2
10만원이 과연 남는 돈일까~?세금(이게 젤 크지) 임대료 인건비 재료비 광고비 일반자영업자들이 들어가는건 임시로 하는거랑은 비교가 안돼지^^; 방송에서 젤 중요한곤 시청률이니깐,0
더럽히고 싶다,2
장동민이랑 사귀었었다니 장동민은 능력자네,0
유인나하고 결혼 하면 처제가 아이유가 되는구나 ^^♥♥^^,0
여자들 우정 오래못간다. 친해졌을때 없으면 못살거처럼 붙어다니다가 한번 틀어지면 평생 쌩까고 산다,1
거 꼴리게도 생겼네..,2
다리가 너므 예뻐요 인나씨.....핰,0
유애나인가? 아이유 팬클럽 말한거아니였어?? 왠 뮤즈....,0
유인나 솔직히 강남성형녀라 싫어했는데 도깨비 연기보고 인정,0
아이유인나의 결혼을 응원합니다........,0
극혐,2
인기도 없고 연기도 못하면서 아이유한테 빨대 꼽네........,2
늙어서 관심없다,2
근데 여자애들은 친구한테 저정도로 친하면 우정 이상의 감정 느끼지 않냐?? 여태까지 봐 온 여자애들 보면 희한하게 베프? 정도되는 애들끼리 그 이상의 감정을 지닌거처럼 보일 때 ㅈㄴ 많음. 특히 지 베프 결혼하면 애들 이상해지더라고.,1
이와중에난 도깨비몇달찍고 1년쉬어도 머고사는데지장없구나를보고부러움ㅜㅜ,0
노래 잘하는 아이유에 기대는 성형여자?,2
너도은혁이가 이상형이냐?,1
난 진짜 유인나 성형전 얼굴보고 깜!!!!!!!!!!!짝 놀랐다도깨비때문에 떴지만 오히려 도깨비때문에 과거 얼굴알게됐음,2
계속 쭉 미아시절의 아이유였으면 이만큼 친해질 수 있었을까 의문도 든다.. 유인나가 먼저 들이댔을듯,1
고만좀 묻어가라......,2
둘이 좋은 사이인건 알겠지만 아이유에 묻어가진 말자~,1
이순신 할때 작은 언니 아닌가? 큰언니는 누구였지?,0
알고보니 둘이 연애한다고 한다면 ㅋㅋ,0
그냥 팬들 마음아프지않게 둘이 사겨라,1
지금 이 기사가 카패라면 이여자 성형전 얼굴 올리고 싶다 ㅋㅋ,2
둘이 밤에 서로 딜x가지고 놀꺼같다,2
유인나 나는펫 프로그램 나왔을때 생각나네 정작 여자출연자인 지 언니는 안보이고 동생으로 나온 얘만 급떴지,0
간만네 아이유 노래 들으면 포근해지지만 간만에 유인나보면 성형전얼굴밖에 안보임,1
결혼하면 말짱 꽝,0
얘는 친구 아이유 얘기 없음 기사가 업나봐 ㅋㅋㅋㅋ라다오나해라그냥 .,2
둘다이상해,1
둘이 하는거 보고 싶다^^,1
"끼리끼리 노는 법. 유유상종, 약국이 멜론의 딸 아이유 친하게 지내는 방법,유인나 이용. 아이유 콘에 지디 보내기.피쳐링만 해도 음원 1위 .거기에 홍보만 해줘도 1위하는 가식유 클라스. 음원독과점이 넘 심하더라.",2
유인나 언니... 연기연습 좀 하세요 !!! 연기가 왜 그모양이에요?,2
아침에 일어나자마자 멍한 상태로 이 기사 봤는데 아이유가 유아인으로 보여서 깜짝 놀랐다가 한참 후 깨달았다. 이러면 무슨 치료 받아야 하나,1
'뮤즈' 라는 단어 썼다가 종현 트페미한테 개처맞았는데.... 지금은 트페미들 가만히있냐?,2
성형전 가관이던데ㅋㅋ,1
얼굴에 그만좀 손대면 좋겠다.,1
유유상종이 이래서 성립이되는군,1
뭐 둘다 비호라,2
적당히하시지,1
연예인 성형당연하고 이뻐지는 건 너무 좋은 일이지만....유인나는 정말 남자가 여자로 변한 케이스....,2
누나 몸은진짜 어우야..,1
강남 성형녀는 맞잖아~,2
아이유에겐 없는게 있지 이 누님에겐,1
난 유인나랑 절대 결혼하지 않겠다,0
유인나 직업 아이유 친한언니,1
아 역시 무서운 유인나,1
훈훈해요 누르긴 했다만..잘하면 둘이 커밍아웃이라도 할기세....;;,1
서로 알몸 봤겠지.,1
종현이도 이런 친구 한명 있었더라면...,0
만나본 적도 없지만 유인나는 보들보들하고 향긋한 향기가 날거같다. 몇 안되는 완전호감 연예인!,0
서른여섯이라니 ㅋㅋ 유인나때문에 아이유가 연애못하는거다,0
이러다 둘이 결혼하는거 아니야?,1
원숭이같이 생김,1
몸매봐라 코퓌뽱,1
소녀시대 써니 성형전이랑 비슷함,1
나는 펫인가 거기서 처음 유인나봤는데 청하인가 기 센 여자 아는 동생으로 나왔는데 일반인치고 이쁘다 했는데 잘 컸네 ㅋ 그때 트레이닝복이 잘 어울렸던걸로 기억하는데 맞나,0
나도 그렇게 생각한 친구가 있었지!! 틀어지는건 한순간이더라~~ 서로 잘해야한다,0
둘이 방송 제외하고 1주일에 몇번 보는지 궁금함 진짜 친구라면 일주일에 한두번은 연락하고 지낼텐데,0
그래서 아이유가 스타가 아니였다면??,1
효리네민박 아이유대신 유인나가자!,0
예쁘지 않아,1
인남 재방보고프다,0
유인나 예쁜건 맞는데~~ 아이유가 진짜 칭찬잘하는듯~~설리도 그렇게 칭찬하더니~~ 다시 태어나면 설리얼굴로 태어나구싶다구 그랬나? 그랬는데,0
유인나한테 자꾸 아이유얘기 물어보면짜증날듯,0
베프면 아이유 연기하는거 좀 말려,1
야무지게생겼다 ㅎㅎ 송혜교랑 동갑이네 인나,1
나는 펫 시즌1에서 청미 친구로 나왔을 때 진짜 이쁘다고 생각했는데 그게 벌써 10년이 넘었네 ㄷㄷㄷ,0
킹오브파이터98 모바일 “아이유인나” 길드원임...길장이 엄청 팬인가봄...길드명을 이걸로 바꾸네..유인나 사랑한다❤️~ㅋㅋㅋ,0
라디오좀 해주세요ㅠㅠㅠㅠ,0
나이가 서른일곱인데 빨리 좋으신 분 만나서 연애하고 결혼하시면 좋겠다,0
"아이유와 유인나 11살 차이나지만 유인나 목소리가 예쁘지..김성령,유인영도 목소리 들으면 예쁜목소리와 외모 ..유인나랑 있으면 심심하지 않고 재미있을듯..",0
유디 돌아와주세요..ㅜㅜ 아이유가 생방에 쳐들어오고 이랬던거 또보고싶다,0
1987 보러가야지 이번주에는,0
곧 천만인데 물어보면 본사람 찾기 힘듦ㅋ,1
"cg는 인정. 재미와 감동, 연기는 1987.",0
"애들영화 어른들 볼영화 못됨.제기럴 시간,돈 아깝다.",1
나두 강철비가 더 잼나던데~,1
1987보세요,0
1987이 백배는 슬프고 재밌어요.. 꼭 보세요,0
"그냥 줄거리, 개연성 생각 안하고 CG만 보면 훌륭한 영화니까ㅋㅋㅋ",0
관객수준이 저질이니저질영화가 판치네,2
"진지와 코믹, 감동, 기존의 한국영화에서 보기힘든 그런느낌 받았는데. 사람들이 왜 많이 보는지 이해가 되는 작품.",1
1987도 꼭보세요 엔딩크레딧 다올라갈때까지 못일어납니다,0
유치하다 별로다,2
씨지에 억지감동코드 버무린 다음에 유치한 유머코드 설정까지 해운대 7번방에 이어 한국관객 수준을 농락한 또하나의 천만영화,2
적당히 볼만한 영화긴하지만 천만은 아닌데 운이좋았지,1
난 1987이 내용적인 측면에서는 압승했다고 본다,0
"어제 영화봤는데 이거 내가 한시간 반동안 지옥 다녀온 수준,, 핵 노잼",2
"신과함께가 1987과 강철비보다 잘나가니까 배아파하는 좌좀들 왜 이렇게 많냐,너무 티나는거 아니냐,여기 신과함께 기사에까지 들어와 안티짓 하는거 너무 속보인다.여러분 좌좀들 1987과 강철비 더 재미있다며 그것 보라고하는 좌좀들 물타기 글들에 속지마세요.같은 시기에 개봉한 신과함께가 1000만을 내다보니까 배알이 꼴려하는 좌좀들 글이니까 속지마세요,1000만이 선댁한 영화는 그 이유가 다 있는겁니다.",2
영화초딩들 많아,1
택시운전 변호인 같은 영화가 천만인게 존나 우낀거 아니냐 솔까?,1
회오리 장면은 좀 유치했는데김동욱연기가 최고였음 영화관에서 운적이 없는데수화로 엄마한테 울면서 얘기하는데눈물나서 죽는줄....이계기로김동욱이라는 배우가 더잘됐으면 한다김동욱때문에 한번만 볼거두번 세번도 보고싶음,0
좀 어색하고 지루한부분도 있었지만 그래도재밌던데ㅎ,0
저는 재밌게 잘봤어요 CG도 생각보다 퀄리티있었고 내용도좋았구,0
영화 끝나고 나오면서 아줌마들 재미없다고 하더라 20대중반인나는 친구랑 둘이 눈물다빼고 진짜 재밋게봣다 감동도있고 .. 엄마한테 더더 잘해야겟다고 더 착하게 살아야겟다고 느꼇다 다들 연기 너무 잘하더라ㅠㅠ,0
신파? 이 따위 악플은 믿지마시라. 웹툰과 다른 망자? 또 다른 장르이고 새로운 창작물이다. 세계 어디에 내놔도 손색없는 우리만의 영화임에 분명하다.,0
1987이 더 감동적이고 잼나더라 신과함께 천만까지 갈 급은 아닌데.... 독점지리네,1
극장표값이 곧 오를거같다. 최저임금 오르고. 물가오르고.,1
좌좀영화 택시운전사 꼭 발라버리길,2
솔직히 1000만 클라스는 아니다. 개봉시기가 한 몫했다,1
"차태현의 어설픈 연기(인간 차태현은 팬임), 특이점없이 계속 반복되는 지옥, 돌려쓰기CG와 부족한 개연성, 그나마 마지막장면에서 김동욱이 캐리했는데 김동욱 없었으면 진짜 큰일날 뻔",0
영화시간 다 장악하고 매번 울며겨자먹기로 보는거지,1
이런 영화 불편하다 내용도 별거없이 그냥 슬프기만함 여태 영화보면서 한번도 안울었는데 이번에는 눈물이 참아도 나오더라.. 감정을 강요하는 느낌이라 두번은 안볼듯,1
너무 지루함. 1위하길래 봤더니 ㅠ,1
위대한 쇼맨에 비하면 한참 떨어지는 영화였다,1
대한민국 영화는 망했다 ... 이런 삼류영화가 천만이 넘는다니.. 서점에서 무명작가의 소설책을 읽는것이 이 영화보다 훨씬 값질듯,2
"솔직히 폭력, 정치물은 이젠 내용도 비슷비슷하고 질린다. 신선한 시도였고 우리민족 정서에 잘맞는 영화다.",0
별로 잼 없는데,1
저는갠적으로 최악의영화였음,2
개인적으로 그냥 저냥이던데 웹툰 안읽었지만 시작 20분만에 어떻게 전개될지 다 알겠던데천만은 에바지,2
"내가 작가해도 이것보다는 잘쓰겠다.완전 유치 짬뽕~~~~~~~~와이프의 성화에 천만관객에 일조는 했지만,이런 영화 때문에 국내영화를 안보게 되는거야",2
솔직히 진짜 천만갈 영화는 아니다,1
사실 이영화가 천만영화를 되어야 하는작품인지 의문이든다...제기준으로 보면 많아야 한300만 정도,1
이게 천만이라니..,1
쓰레기 정치충들이 신과함께 평가절하함 ㅋㅋㅋㅋ 정치에찌든 영화보면서 신파는 욕해 ㅋㅋㅋ,1
연기 개못하고 ㅈㄴ오글;; 전형적인 감성팔이 OOO영화,1
종북넘들이 디스 안했나보네.. 잘된다하면 종북넘들이 떼로 디스.,2
이 영화를 보지 않고 한국영화를 논하지 말자!대한민국도 할리우드를 능가하는 영화를 만들수 있다는 희망!,0
솔직히 너무 유치하고... 지루해요... 기대가 컸나봄,1
고마해라...천만가면 기사올리던가..ㅉㅉ,1
"솔직히 기자, 평론가 놈들 거꾸로 보면된다. 진짜 엉터리 평론에 미사여구 하나 써놓고 예슐이 아닌 이념으로 평점주고 우쭐대는 인간들... 일반인 보다 한참 모자르더라",2
에혀 디워가 팔백만 찍는 수준인데 뭘. 그놈의 뻔한 신파 이젠 진짜 징글징글하다.,1
이거말고볼영화가없다,1
영화관마다 상영관이 엄청나던데.. 보고 싶은 다른 영화는 시간대가 다 요상하고 ㅋㅋㅋㅋ 그래도 25만명중 한명이 되러 가야겠다..,1
난 재미를 못느껴는대 '' 왜 졸렷지'?,1
한가지만 말하면 부산행을 1150 에서 봤다 신과함께는 명량을 넘어도 안본다 극장 svip 플래티넘 이정도 안되면 자격미달이 영화 아무나 보는게 아니다 강철비가 천만이라면 이런글 안쓴다,2
굉고 포스터만봐도 유치찬란하다,1
난 재미있게 봤는데..,0
천만넘을수 밖에없겟던데? ㅋㅋㅋ 그렇게 상영관이 많고 다른영화에 비해 하루 상영표도 엄청 많던데,1
나는 왜이렇게 재미없게봤지..지옥이 두세개만 있었어도 좋았다. 끝에 쫌 지루함,1
도대체 이 영화를 왜 보는지 이해안가는 1인ㅋ 영화소개프로서 보면 그냥 애들 보는 유치한 판타지영화인데 왜 돈주고 보는 거야 난 ocn에서 해도 안볼꺼 같은데ㅋㅋ,1
아ㆍㆍㆍ 이게 천만 재미더럽게 없던데,1
관객 5분에1은 자더라. 나도 낚여서 보긴 했지만,1
검사외전 이란영화 있었지 오씨엔에서 봤는데 그게 매진돼서 볼영화 였냐 영화초딩들은 항시 나랑 반대로 간다 영화보는것도 나만의 그것이 있어야 한다 누가보면 우루르 달려가서보고 절대 영화초딩 못벗어난다,2
솔직히 cg빨 그냥 모든게 만화영화수준솔직히 강철비와 1987 위대한쇼맨이 훨씬작품성있더라특히 강철비도 천만영화감인데 안타깝네,1
이영화는 천만가기는 부족한영화였는데 영화관 다 장악하고 ㅜ,1
부끄럽다,1
신파극이라고 까내리던 놈들 존나 부들부들하겠네 ㅋㅋㅋㅋㅋㅋㅋㅋ,1
영화가 특이하긴해도 천만까지 갈건 아니던데...김동욱연기가 살린 영화~~~!,0
1987봐라 영화초딩들아 영화계의 암덩어리들아,2
완전 유치 내취향은 아니더라구요..연병장에서 김동욱모래괴물된거보고 그냥 영화관나옴..,1
이정도로 재밌다고 호들갑떠는게ㅜ,1
"김동욱 없었으면 성냥팔이소녀의 재림의 재림 될 뻔한 영화, 솔까 천만은 과하다",1
요즘 영화 진짜 볼거없다,1
이게 뭔 천만짜리영화?한심한 코리아식 신파극,1
난 이 영화 나쁘지않게 봤다. cg말들이 많은데 솔직하게 헐리웃에 비하면 좀 어설프지만 자금생각하면 비교할수 없지. 오히려 이영화를 계기로 우리나라 cg가 발전 하지 않을까 기대도..요즘 울나라 영화 비슷한 스토리에 안보면 의식없는 사람 취급받는 영화들.. 오히려 생각없이 즐기면서 보기 좋았다.,0
김동욱 빼고는 볼 게 없었다,1
눈을 잠시라도 텔수없었음 잘만들었음 스토리도 같이어우러져 적재적소 탄탄했음덱스터라는이름잊지않겠음,0
이거 재밌게 본 사람은 긴급조치 19호도 재밌게 볼듯 최근 한국영화중에 제일 촌스럽..김동욱 수화하면서 우는장면만 인상깊고 총체적 난국.. 기억의밤 쓰레기라고 한거 취소..이거 보니 명작이였음,1
천만영화급은 아니었는데....스크린독점....,1
"신과함께 기사에 좌좀들의 1987과 강철비 끼워 팔기 댓글들은 뭐냐?솔직히 1987이 재미로 가서 보는거냐?그것도 국뽕으로 가서보는거야,강철비는 볼 재미는 있어도 스토리 개연성은 말도 안되고,뭐 핵을 나누어 가진다고?진짜 영화로서의 재미는 신과함께 제일 좋았고 세계 어느 나라에 내놓아도 될영화다,당신들 생각에는 정서가 안 맞아 미국에는 안 통할것 같지 아니 오히려 미국같은 코쟁이들이 신과함께 같은 아시아의 신들 이야기에 관심이 많아 자신들과는 전혀다른 저승세계관이라,그리고 신파라고 하는데 신파의 뜻이나 알고 신파라고 그러냐?",1
신과함께 천만돌파는 당연한것 강철비랑 1987이 워낙 막장이라 운도좋았고 이번주는 쥬만지랑 신과함께 두개가 휩쓸듯하네요.쥬만지 평가가 워낙 좋아서 입소문 금방날거에요.신과함께 1200만 이상 돌파하기를 바랍니다.그리고 신과함께 기사에 자꾸 망한 1987하고 강철비 끼어넣지좀 말아라 참 딱하다 ㅎㅎ,1
ㅋㅋㅋ 이런영화가 천만이라니..초반에보고 망했다 생각했는데,1
말도 안돼 진짜ㅋㅋㅋㅋㅋㅋ 강철비랑 1987이 훨씬 재밌었는데,1
.... 이게 천만이라고....? 하하하....,1
위대한쇼맨 이랑 원더 두작품이 대박인데 상영시간이 적어서 아쉽네..,1
수작이다 정말 잘 만듦,0
솔직히 좀 지루하던데..... 그리고 스크린 그렇게 독점 해놓고 촌만 못하면 바보지...,1
에효..연휴때 영화보려고 갔는데..신과함께도 보고싶고 위대한 쇼맨도 강철비도 보고싶어 어떤것을 먼저 봐야되나 해서 상영시간표를 보니 선택의 여지가 없이 신과함께만 많은 상영관과 다양한 시간대에 하더라구요..정말 독과점 심합니다..영화 천만되는 이유 중 하나는 그 시간대에 상영되는 영화가 그것밖에 없어서도 일듯..개봉영화가 많은데도 말이죠..;;;,1
키워주니 통수치네,1
결국 TIAMO가 마지막 활동이 된건가... 아쉽다,0
어디로갈지 귀추고 주목되군..,0
인기도 없지 않나 그러게 왜 왕따를 시켜가지고~쯧쯧,1
소연이랑 전보람은 좀더 있다가 같이 나오지 계약 끝났다고 뒤도 안보고 그냥 나감 남은 스케줄 있는데,1
화영이가 왕따 당했다는 증거 있냐?ㅡㅡ그리고 말야ㅋ 왕따 당하는 애들은 그럴만한 이유가 있는거다ㅡㅡ생긴게 재수없다던지 졸라 나댄다던지 하는 ㅋ 나 참고로 일진출신이다 게다가 전국구 일진이었고ㅡㅡ그리고 여자다,2
근데 양년들은 알아서 잘살드라.. 애네들도 잘살거야 아마 ㅎㅎㅎㅎ 추한짓만 하지마라,1
중국 회사하고 계약한다는 찌라시가 사실이구나,0
짱깨한테 팔려가냐???,2
걍 영원히 바이,1
"그나마 김광수가 연예계에서 힘이 쎄니 몸캠설, 금옥연합 생수머신설, 왕따설 다 언플로 막아주고 디스패치까지 이용해서 언플해줬지 나가 봐라 누가 광수처럼 해주냐 ㅋㅋㅋ. 이제 너희들 큰일 났다 광수처럼 언플해주고 막아주는 사람이 있는줄 아냐 다른 기획사 같으면 너희들 연예인 인생 진작 끝났어",1
왕따 시키더니 잘 망했지 그나마 김광수 덕에 여기까지 온거지,1
그냥 가요계를 떠나심이..아니면 그냥 저쪽 나라에서만...,1
더이상 소속사도 커버쳐줄 수가 없었다,1
느그네는 남은 느그네들 끼리 머리채잡고 하나씩 왕따시키며 분열되는 꼬라지좀 보고싶다,1
전라도 멤버 하나 잘못받는바람에 에휴,1
전라도만 아니었으면 ㅠㅠ 애국보수 걸그룹 화이팅!!,0
진작에 나왔으면 이미지 추락이 덜했을건데 이미 늦었다,0
"데이바이데이 잘나가긴했는데 상대적으로 체감인기 적었고 싸이, 씨스타랑 활동이 겹쳐서 예전처럼 음원강자인 모습은 못보여줌. 연간 20위권이면 잘나간거긴 한데... 롤리폴리 연간1위 러비더비 연간2위니....",1
노무현은 살아있다,2
ㅋㅋㅋㅋㅋㅋㅋㅋㅋㅋ 어딜가도 치아라,1
그래도 광수때문에 컸는데,1
오늘도 떡먹으면서 생수마시네,1
티어라 미련없이 ...티어라,1
히트곡은 역대 걸그룹중에 가장 많을거 가떤데..한방에 훅갔네.,1
티아라 일본AV에서 연기력을 보여주세요...,1
애쁜이가 왕따 주동자로 유명했지. 연예 관계자들도 난년이라고 할정도로 유명했다고 하니,1
고소는 화영이 해야지 왜 티아라가 하냐 ㅋㅋㅋㅋㅋㅋㅋㅋㅋㅋ,1
술집차리면 되겄네,1
당연히 탈출해야지 중국에서 난리났더만.. 소녀시대급된듯,1
이제 느꼈냐? 너희 말고 걸그룹이 많다!!!!,1
소속사 나가서 멀하게.. 혹 싸롱..,1
비슷비슷하것같고다수가 왕따시킨건 맞음그래서 걍 거름,1
댓글이 없노,1
새로운 둥지를 찾쟈~,1
어떻게 해도 해명이 안되니까 회사도 놓아버린거지 인기있는 아이돌이 10년 이면 당연히 소속사에서 돈을 더줘서라도 잡는다 소녀시대 빅뱅 처럼,1
박근혜대통령.최경환.이우현의원.우병우 .최순실.김기춘. 이분들은 아무잘못이 없습니다. 이자들은 종북좌파 간첩세력들에 의해 모략탄핵 구속당하였습니다. 문재인씨는 즉시 사과하고 사퇴하시고 법원은 즉시 문재인씨를 구속수사하십시오,2
화영이랑 합쳐라.잘될거다.화해하고,0
★★최강★★금옥연합★★영원하라금옥연합★★금옥연합은 최강이다★★모든 머신들은 대기하라!,0
효민 지연 은정 큐리 넷이만 다시하자,0
현재 걸그룹 원탑,0
못생긴 한녀들이 여기서 수작을 부리네.....니들보단 훨만배 예쁘니깐 질투 고마해라,2
지랄하지말고꺼져라,2
티아라야 내가 오해해서 화영땜에 니들 싫어했던거 후회한다 용서해주라,0
트위터 의지드립으로 왕따 논란 불거진건데 티아라는 잘못없는 마냥 입터는거 역겹네요 시작은 지들이 했으면서,1
어쩌라고.... 퇴물그물 해체되는게 당여한건데 우리가 반응을 보여야하냐? 고김주혁죽은거 충격에 비하면 이건 타격 1도없음,1
한국 아니 지구에서 떠나주겠니?,1
티아라 수명은 이제 끝났고 모모랜드가 그뒤를 이을꺼임..,1
광수가버렸구나 예쁜이들ㅠㅠ,1
전라도+여자와 엮였을때 일어나는일,2
왕따사건ㅠㅠ 이젠 잊어줄께~,1
짱깨회사에 넘어갔더니 뭔 광수타령이냐!! 반중!! 애국 티아라 만세!!,2
치아라,2
어차피 티아라 다른 회사 지금 받아줄곳도 없을거같은데 그래도 한때 잘나가서 돈은 좀 많이 모아둬서 먹고살 걱정은 없겟지 이미 티아라는 망한지 오래다 댓글로 네티즌들이 응원하면뭐해 정작 앨범 구매하는애들 몇이나되냐ㅋㅋ 그러게 인성좀 곱게 쓰지,1
어차피 이미 폭망 ㅎㅎ어딜가나 마찬가지 ㅎㅎ,1
실종2 영화 함은정의 발연기 끝내줌,1
국내팬 없잖아?? 있나..,1
ㅈ같지만 서비스는받고싶당♥,1
지연 미안 잡 지연이와 쩌리들 아닌가?,1
한결같네....꼴뵈기 싫은거....,1
사람 근성 본질은 영원합니다,1
에휴 이제 버리는 카드니깐 나이먹고 인기도없으니 별짓 다해보다가 버렸네 그러게 왜 왕따를시켜가지고 그거아니었으면 너희들 얼마 지연이며 은정이며 효민이며 얼마나 떳겠니 그래서 맘을 곱게써야한단다경험으로 알고 착하게살으렴,1
그냥 내가 4명다 부인으로 삼아 주마~ 우리 오래오래 행복하게 살자~,1
그나마 함은정 연기활동말곤 나머지 멤버들은 독립적인 활동할만한 인물들이 없잔아 그러니 끝가지 같이 붙어있어야 뭐라도 해보지,0
걍 하이라이트처럼 1인기획사나 차리자 중국에서 때돈벌었으니까 거기서만 활동하자...,0
소속상광수 ㅡ ㅡ 애들망침난얘들거만할때부터 이럴줄알았음노래도 띄아줄애들만계속 하고센터새우고나머지애들은머냐 ㅡ ㅡ 위키미키 구구단이런애들도오래못갈듯,1
한국에서 노래나오면 뜰까?? 안뜰까??,0
그냥 은퇴해라.,1
쓰래기걸그룹 ㅋㅋ 모두 망해서 방송에 나오지말길,2
광수니깐니내들을써줬지 ㅉㅉㅉ 은혜를원수로갚는구나,1
탈광수했는데 전자발찌한테감ㅋㅋㅋㅋㅋㅋㅋ,1
우리..지연..은정.....오빠가...참 많이 뺐지....사랑한다~~!,1
티아라 데려오려는 소속사 엄청많음.. 중국에선이미 원탑이고 애초에 지금 노래실력도 중박이상 이쁨 노래만 잘뽑아주면 걍 뜰수잇는 그룹이라,0
그런데 생수머신이 뭐에요?,0
ㅋㅋㅋㅋㅋㅋㅋㅋㅋㅋㅋㅋㅋㅋㅋ 인성 개차반 그룹,1
왕따가 중국으로 쫓겨날 정도로 잘못한거냐? 마약한 지드래곤 싸이 탈영한 이재진도 활동하는데,2
누가 반긴다고 나오냐?뭉쳐야 살아남는다는 어리석은 생각!!!각자 띨한놈만나 시집이나가라,2
의지가 넘쳐,0
광수 욕하는 티창퀴들 무엇? 치아라 논란 있을때 마다 막아준게 누구인데 욕하네 얘쁜이 사건때도 더워서 그랬다고 해명하고 기사 싹 내려준 것도 광수인데 은혜를 원수로 갚노,0
뭐임..? 아니효민이만 나간다는거야 아니몀 해체한다는거야..기사를 똑바로 내야지,1
중국으로 가나보네,0
왕따사건을 잊고 다시 제2의전성기를 누리자,0
김성주 이수근 나오는 프로는 절대 안본다,1
김성주는빼고가지...,1
"김성주가 이젠 백종원한테 들러붙었구나. 일제 시대라면 친일파가 되었을거고, 5공 때라면 전두환을 찬양하고 다녔을 인간.",2
민주주의에 배신자 김성주가 있네 백선생님 엮이지 마세요,1
처죽일것들,2
김성주좀 빼주시면 안되나요..이러다 mbc까지 나올기세네요.,2
"두 사람은 방송에 안나와도 된다..특히,,,,안경쓴친구,,,,",1
친누나는 좆선일보 애끅보수고매형은 이명박청와대 딸랑이김성주는 엠본부 사원일때 이미 외제차받고 프리준비 파업때 이때다싶어 런던올림픽독식집안이 대대손손 애끅보수겠네요,2
진짜 청산 해야 할 적폐가 진행하는 방송들..웃음이 나오냐 양심 좀 갖고 살길..,2
아 기회성주...안봅니다안봅니다,1
명박이때 청와대 관리 잘받아오던 김성주씨. 볼때마다 불편.,2
다좋은데 저 김성주라는놈좀 바꿉시다.....MBC건을 떠나 계속 재수없는 쓰끼임.,2
김성주는 또 왜? 다른 사람 없음?,2
진짜 김성주 꼴 보기 싫네,2
뭐냐 타이틀보고 나만 민망한거냐? 그리고 김성주 재수옴붙어서라도 안본다 퉤퉷,2
♨ 김성주는 좀 빼라 .,2
김성주 좀 불편한딩,2
다 좋은데 김성주 저 적폐놈 좀 안봤으면 좋겠다,2
또 김성주야 ~ SBS 니들은 생각이 없니?! 그 많은 MC들중 왜 김성주야 !! 또 보지말라야하네!!,2
김성주 진짜 거슬린다.,2
백종원 저 아저씨 울엄마랑 예전에 소개팅 했었는데...응원할게요!,0
골목길 지가 다 잠식해놓고 TV프로그램으로 코스프레냐!!!! 배신자쳐끼고!!!!!!!!의도가 의심스럽다!!!!,2
영국 고든램지의 헬키친처럼 한국도 그런게 있으면 좋다고 생각했는데 백종원씨가 그걸 맡아준다니 감사하네요!!!,0
백종원님넘좋아용,0
정말 훌륭하고 멋진 분임은 분명하다,0
백종원 멋진 사람!!,0
노블리스 오블리제란 표현이 어울리는 분,0
백종원이 상권죽이는게 아니라 본인들 가게에 서비스 가격등 별 매리트가 없으니 안가는거지 백종원탓오지네 ㅋㅋㅋ,1
백주부님 화이팅~,0
선의를 선의로 받고 도움 받아 장사 잘되면 좋은거 아닌가요?,0
멋지심 ^^한가지 분야에 이렇게 전문적 분너무 존경,0
백종원씨 귀여워서 더 좋아요,0
인성도 안된것들 붙잡고 늘어지지말고 어느정도면접보고 진행했으면 좋겠다. 백종원 뒷목잡고 쓰러질때 시청자는 볼때마다 암걸리겠다.,2
백종원은 성공할수밖에 없는 사람,0
다음 댓글엔 죽일놈 소리 들어가던데 골목상권 망하는 게 백종원 탓이겠냐 ㅋㅋ 맛없고 지저분하고 손님이 와도 시큰둥한 장사하는 가게라 망하는 거지. 골목 어귀에 위치해도 지역 직장인들은 매일같이 먹는 식단이라 밥 챙겨먹기도 귀찮아해서 진짜 맛있고 괜찮은 식당이면 ‘알아서’ 가지.,1
첨에는 백종원이 모든프랜차이즈를 독식하고있어서 주변상권들 다죽이고. 실력도크게있지만 본인명예로 여기저기 손안닿는곳없이 돈벌이한다생각햇는데. 요즘엔 소상공인들에게 힘이되주고 사업자들에게 좋은일을하는것같아 좋아졌다.. 앞으로 그런일들을 많이했으면..,0
백종원씨 진심이 느껴지는군요~,0
백종원때문에 골목상인들이 바가지를 못씌운다 정부에서 저런 저렴한 음식점들을 없애버려야 상인들이 산다,1
이런분들이 많아야 할텐데..,0
백종원 장사 철학 못들었냐? 이윤이 오르면 가격은 동일하게 가고 재료를 더 추가해서 소비자와 이윤을 나눈다는게 백종원 장사 철학이다. 그러니까 장사가 잘되고 잘된만큼 양도 늘어나지. 다른 가게들도 본받아야 할 점. ㅇㅇ,0
홍콩반점 짬뽕이랑 탕수육 가격대비 진짜 맛있음 음식 열정으로는 욕하면 안됨,0
자영업좀 그만조장하지 혼자 장사하는둥마는둥하다 방송타서 장사마인드도없던인간들 구제하면 지잘난줄알고 코대높아지고 더잘되면 티비에 비결다나오는데 건물주가 가만히도 있겠다 골목상권 살려봐야 기본소양안된 인간들 돈맛보면 악순환이다,1
정말 좋은 사람이구나 ..,0
음식에 대한 척척박사~ 멋부리고 끼부릴줄 모른것같아 넘좋다~~,0
연예대상은 백종원이 받았어야 했는데...,0
백종원은 나혼자 잘되자가 아닌 다같이 잘되자 마인드,0
"정말 감동입니다.길을 가다보면 가게 문은 열려있는데 손님이 없는 곳 보면 정말 맘이 짠합니다.다 잘됐음 좋겠는데 ~ 경기가 워낙 안좋아서 그런지 ㅠ장사하는 사람이 남에게 내 밑천까지 다 공개해주고, 가르쳐주기 싶지 않을거 같은데...도전하는 청년들에게 가르쳐주고 밀어주는 모습도 참 감동이었습니다.이제 골목시장도 기꺼이 노하우를 전달하신다고 하니 대단하십니다.방송을 하다보면 때로는 억울함도 있고, 힘이 들기도 하겠지만 간절한 사람들에게 도움이 된다면 그런 부담은 감수하셔야죠~응원합니다 백종원님 홧팅!!!",0
"대놓고 고든램지 따라하는걸로 가는것 같은데, 난 방향성 좋다고 봄 ㅇㅇ",0
참 고마운사람.,0
골목상권을 백종원이 살린다구 하는게...진짜이상하네요.이명박이 강을 살리고박근혜가 독립유공자 살린다는거랑비슷한거아닌가요?ㅠㅠ,0
"본인 업도 바쁠텐데, 애정없이는 할수없는 일이라는거 공감. 건강 신경쓰시고, 가정화목하시길. 또 자영업자분들도 화이팅!!!",0
이사람의 재능기부는 인정해줘야함~,0
아직도 프랜차이즈때문에 골목상권 망한다고보냐? 왜 소비자들이 자기들 식당 안가는지부터 생각하고 생각좀,1
좋은 일하십니다.존경합니다~,0
백종원님 진짜 좋은 사람인 것 같음. 수상소감도 그렇고 사람이 잘 되는데는 이유가 다 있는 것 같다,0
맛없는데 동정으로 가나? 맛없으니 안가는거고 그래서 망하는거지. 실력있으면 프렌차이즈 하겠음? 솜씨는없고 다행히 돈은 있어서 프렌차이즈하는것임.별개로 대기업이 땅따먹기하듯 좋은상권 장악하는건 악질적인 문제.,1
이만한 예능감있는 분도 드물 듯! 때로는 전문가 기지로 음식분석력을! 자칫 먹는거 보는거로 재미가 아니라 깨알같은 토크로 분위기를 사려 주는 재치도! 역대급 최고인것같아요 지금도 재방 재방 끊임없이 보게 되네요,0
정말 믿고보는 백종원씨~~화이팅 입니다.저희동네도 상권이 다 죽었어요.시장이 없어져요.,0
백종원이 비난받는 이유.솔직히 모르겠음. 이랬거나 저랬거나 프랜차이즈 거대기업이라고 비난하는거? 그럼 그렇게 거대해지도록 노력한 노하우 저렇게 아낌없이 전수하는 기업은? 방송보면서 자영업자들 느끼는점 많을텐데? 첨엔 저러다 말겠지했는데 갈수록 퍼주는 노하우가 많아짐.,0
"이 사람 식당 확장 되는 건 알겠는데.. 사람들도 솔직히 말해봐라, 백종원 브랜드로 하면 성공할거란 보장으로 늘려나가는 거 아니냐? 니네들 다 백종원 욕하면서 백종원 경영에 넘어가는거야. 백종원 가게 하나라도 맛 없는 거 봤니? 설탕은 다 핑계야. 백종원나오는 영상 유튜브에 하나라도 찾아봐봐. 입이 떡 벌어진다. 백종원은 이미 준비 된 사람이고 너넨 백종원 따라가는 것들일 뿐이고 소유진은 성실하게 사는 남자보는 눈이 탁월해질 뿐이야. 남탓하지마. 백종원이 잘 되는 건 그동안 노력했기 때문이야.",1
골목상권잡기 많이 힘든데 ...그래도 자영업자들 도와주실려고 하는거보면 보기좋네요!!!!,0
백종원이 골목상권 죽이고 있다고 댓글 단사람들은 본인들이 봤나? 확인했나? 요즘은 쓰러져가는곳 간판이 없는 곳 이라도 찾아가서 먹는 사람들이 더많은 시대인데 도대체 누구 탓을 하는지 모르겠네요 가격좋고 맛좋은 곳이라면 손님이 제발로 찾기마련이죠 요즘은 아무리 가격이 싸도 입맛에 맞지 않으면 안사먹죠~,0
존경할만한 사람..푸드트럭 너무 재밌었음,0
방송이용해서 지들 레스토랑 매출올리는 양아치들 쉐프보다 백종원씨가 훨씬 요식업계엔 희소식이다 백종원관련프랜차이즈로 골목상권 죽는다는 찌질이들 이참에 보고배워라 백사장이 진짜 장사꾼이다,0
"백종원때문에 요즘 인간들은 저렴하고 질좋은 음식만 찾는다 ㅉㅉ 세상에 어떻게 좋은것,원하는것만 할수있냐? 비싸고 좀 덜좋은것도 먹을줄알아야지",2
백종원씨 어려운사람들을위해서 정말 좋은일많이하시네요,0
사장들을 보면 대부분 노인들이다.....예고편에도 나왓듯이 왜 뒤져 보냐고 하는 모습도 있었다...변하렬고 하는 마음보다는 자기가 하고 있는게 다 맞다고 생각하는 꼰대근성 가진 사장들들 많아서 쉽게 바귀지 않을듯,1
진짜 보면서 희망이 불끈솟고 용기나는 수상수감이었음. 당신 멋쟁얘,0
백종원이 함께 도와주면 될것같다..이번에도 무지기대됨^^,0
장사를 똑바로 혀 입만살은 소상공인분들아 맛없고 서비스가 안좋으니 안가는거 아니겟냐?,2
와진짜대단하시네요쉴틈도없이체력잘관리하세요건강버릴까걱정되네요,0
돈도 많고 뭐가 아쉬워서 야유 받고 도 계속 방송 나올까...,2
백종원님~~정말 대단하세요~~~이번 강식당에서도 능력대단대단~~,0
백종원 가게라고 다 가서 먹는것처럼 상권 죽인다고 ㅈㄹ하는 것들 뇌에 돌 들었냐?맛있고친절하고 위생좋음 백종원 가게가 옆에 있어도 그 가게가 말 좀 되는 소리들 해라,1
보기드믄 어른 백선생님 지금처럼이 시대에 따뜻한 어른으로 정직하고 바른 어른으로 남아주세요♡♡고맙습니다소유진님과 온가족이 건강하시길 기도합니다.,0
골목 살리면 나중에 더 세만 올라서 힘들어지는 거 모르냐.,1
백종원 참 훌륭한 사람이다,0
병주고 약준다라는말이 딱여기서 쓰이네,1
잘되서 골목상권 살아났음 좋겠네요 근데 진짜 백종원 본인은 힘든 프로그램일듯 선뜻 하겠다고 한게 대단,0
세정이 파이팅!!♡♡♡,0
괜히 망할만해서 망한애들 외식업계 살려주느라 고생많으시네요ㅠ,0
자기 사업으로 엄청 번창한 사람인데 이렇게 골목동네식당도 번창할수있도록 프로그램에도 나와주고 노하우도 전수해주고 참 보기좋네,0
백종원 사장님 가게에서 강식당 오므라이스 팔아주세요 진짜 먹어보고싶어요,0
백종원씨 대단한것 같아요 쉽지 않을 텐데 열심히 하시는 모습 보기 좋습니다 화이팅,0
백종원님 레시피 잘 보고 있어요!,0
이제 셰프들 다 죽었는데 백아재는 계속 보고싶다,0
ㅋㅋㅋㅋㅋ 이미지 좋단다 다 촬영이니컨셉이다 여튼 알바 충충들 ㅉㅉㅉ,1
백종원때문에 값비싸고 질안좋은 소상공인들이 살아남을수가 없다 왜 꼭 음식이 저렴하고 품질좋아야하지?? 정부에서 저런 가게들 규제시켜라,1
ㅍㅌ도 못하니까 골목상권이 망한거지 누가보면 백종원때메 다망한지 알겠네,1
장사꾼 ㅡㅡ 프렌차이즈 엄청깔면서 무슨 골목상권을 살려 어불성설이구만 새마을 식당 가봣더니 돼지 앞다리살 대패같은거 1인분 9천원하드만 가격이나 싸게 파소,1
"금전적으로 힘든건 같은데, 최소한으로 먹고는 살수 있게 방송 2개 정도는 허용해줍시다.",1
음악은 까지마라,1
죄송한데 국내에 Mc몽보다 재능있는 아티스트가 있긴하나요? 있으면 한 명이라도 말해보세요...,1
그놈의군대는!작작들좀해라..연예인도 사람이다!싫어하면 안보면되지 먼말들이 많냐!일반인들이 였어바..그냥 덤덤하게 넘어갈수있는 일이지..참 할짓들없다 남 헐뜯기나 하고 ㅉㅉ,1
노래만 좋음 됐지ㅋㅋ그래 너도 방송 나와라 예비군 6년차 행님으로써 허락한다,0
무죄라는데 왜까냐? 군대 갔다 오거나 앞으로 갈게 억울해? ㅋㅋ남자 댓글 비중 보소 열폭중ㅋ,1
8년이면 용서하자몽이 자신도 얼마나 힘들었을까.....,0
엠시몽 응원합니다.. 법원에서 무죄나왔는데.. ㅠ,0
"바보들아, 기사 검색이나 하고 댓글 쳐달아라. 작년 6월에 이미 한동철과 엠씨몽 만나서 믹나 음원 제공하고 출연하는것으로 합의본 것으로 안다. 시청률 올리려고 발악하는게 아니란 뜻이다. 바보들아. 엠씨몽 재작년 음원 내서 차트1위한 것으로 아는데ㅋㅋㅋㅋ 누가 그 음원 샀더라?????",2
솔직히 Mc몽만한 아티스트 근 5년간 나타난 적이 없어서 매우 아쉬웠는데 mc몽 믿고 기다린 10만명의 팬들은 정말 가뭄에 단비같은 소식이네요. 어서 우리 곁으로 돌아와줘요~~! 어서요 인디언 인디언 보이~~!,0
MC몽 보고싶었는데 홧팅하세요~!!,0
신정환도 나왔는디~~~ 좋아요,0
김치년들은 지들도 군대 안간데 화내는 이유가ㅡ,2
그래도 군대 갔다온거 맞지? 갔다왔으면 됬다 용서해 줄께,1
볼이유가 생겻네^^ 재미없게 생각햇는데 본방사수!,0
노래는 좋을듯 ㅋㅋ,0
어서와~ 보고싶었네. 몽 맘추스리고 꼭 재기해라. 1박2일 원년이 보고싶네. 힘내라.,0
이제 그만 용서하자. 엠씨몽 옵하도 반성 할만큼했고 그정도면 됬다. 않그러냐?,1
이야.. 네이버 악플러들 여기들다모여있네인성보소 ㅋㅋㅋㅋ 못되 처먹었네들 ㅋㅋㅋ니들은 애국심이넘쳐서 군대가서 젓 뺑이들까셨어요?적당히좀해라 가식덩어리에 인생패배자들아 ㅋㅋㅋㅋ,2
니들은 글로 사람을 죽이는구나죽어야만 그때나 후회하고 돌아보는 한심한것들사람은 살아야할거아냐근데 또 악플질이네 이것들니네 할거나 하고 살아 악플그만달고꼭 인생 할짓없는것들이 남 인생에 관여하지그냥 나오면 나오는구나 하믄되지지이랄드 가지가지다 진짜,2
엠시몽 힘내세요...저는 당신의 결백함을 믿어요...당신의 재능을 이렇게 썩히기는 안타까워요 이제라도 열심히 활동하세요..,0
기대합니다. 앞으로의 길을 응원합니다,0
좋아요~~~~,0
어떻게 변했는지 궁금은 하다.,0
2~30대 할짓없냨ㅋㅋㅋ 이럴시간에 일이나해라...군대 다녀온거 티네지 말구..ㅈ2ㄴ찌질하네,1
아니 사람 죽인것도 아니고 징하다 진짜!!!!,0
형이 군대현역으로 갔다왔다 근데 충분히 욕하고그럴수있어 근데 무죄받고 지금 8년이라는시간이지났잔아 좀그만해라 지겹다 이제좀 엠씨몽나오게해주자 도박 성범죄도 나오는판에,1
음악성은 인정한다 ㄹㅇ 악마의 재능 그러나 방송에는 안나왔으면,0
이왕 방송 시작한거 mc몽만 나오는 진짜 사나이 하자 ㅋㅋㅋㅋ,1
노래 나오면 다 듣자나?? ㅎㅎㅎㅎ웃긴다 정말 ㅋㅋ,0
역시 문재인 대통령 시대가 오니 연예계도 진보된 느낌이네요. 지금 같은 세상에 군대를 강요하는건 억지입니다. 엠씨몽 화이팅,0
아니 무죄판결이 나왔는데 왜케들 지.랄들이냐? 나도 예비군 8년차지만 씨몽이형 컴백 기다린다! 1박2일에서의 예능감 다시 보고싶다!!,0
한남충들 여기서도 부들부들하노? 군대 간게 니들이 못나서 간건데 왜 애꿎은 몽이한테 화를 내냐?ㅋㅋㅋㅋ 이게 뭐 보상심리 어쩌고냐? 어이가 없내 ㅋㅋㅋ,2
그리고 엠씨몽도 독실한 기독교 집안에서 자란분이며 양심가지고 행동하시는 분인데 이유업이 무조건 욕하고 헐뜯는 사람들 보면 참 안됫다는 생각이 듭니다 가정교육부터 밧고 욕을하길 바랍니다,1
아니 8년이면 자숙 충분히했다 ㅡㅡ 그만좀 욕해라 배뎃심각하게 다 욕하고잇네.. 니들때매 우울증 자살 이런게 나오는거야 그만좀하자,1
응원합니다! 엠씨몽^^저런 쓰레기같은 댓글 보더라도 너무 신경쓰지말고활동 잘 하시길 바래요!!,0
야이색끼들아 도박하고 별에별짓해도 겨나오는데 왜 씨몽이한테만 ㅈ롤이야~~~~¡,2
한국은 병역문제라면 개처럼 물고 쥐뜯고 좀저럼 놓지를 않는구나...ㅡ.ㅡ 참 답답하다...본인은.갔는데 재는왜안가? 요런심보?이제그만좀하고 좀 관대해지자구요~~믹스나인안보는데 mc몽.오래간만에 반갑겠다~~챙겨봐야겠네,0
아니 구지 MC몽이 나와야 되는 이유가 뭐임 ?,1
나와서 쓸데없이 무게잡고 조언이랍시고 독설하고 표정 개 띠꺼울듯... ㅋㅋㅋㅋㅋㅋㅋ 욕받이잼,1
"반갑다 mc몽~~ 이제부터라도 자주 자주 얼굴볼수있었음 좋겠다. 그정도면 충분하다고 생각함~ 싫어하는 사람은 안보면 되는거구 그리워 하는사람은 환영해주면 될것을 .., 마니마니 보고팟음~힘내고 파이팅!",0
근데 무죄받았는데 왜 욕먹는거임?,0
"효진이, 민석이, 승준이, 병관이, 동훈이, 세윤이 ~ 꽃길만 걷자 ~!!!",0
JTBC는 이 나라를 사분오열만드는게 목적.,1
이제 그만 받아줍시다. 자숙 할만큼 했다고 봅니다. 유승준과 비교하는것은 너무 심하고 이보다 더한 놈들도 활개치며 살고있어요.,0
몽님 좋은 노래 들려주세요~^^,0
무죄 판결도 받았고 오랜기간 자숙했고 이젠 보고 싶다,0
"MC몽 그리웠어요주변에 시선은 너무 신경쓰지말고,이왕 나오는거 기회다 생각하고,열심히 해보세요~본인이 간절히 원하고,노력하면 현실도 바꿀수 있어요앞으로는 착한일 많이하고 열심히 사세요~^^노래도 다 좋아했었는데 이번에도 좋은노래 내주세요 기대할게요~^^",0
부정적인 의견이 참 많네.. 그래도 노래도 잼있었고 8년이믄 대단하지 그정도믄 할만치 했다,0
MC몽 어떤모습일까?ㅋㅋ기대되,0
엠씨몽 진짜 악마의재능... 군대가 참... 아까운 케이스,0
고만좀 해라 mc몽이 죄가 있다면욕하는 기생충 이 존재하는게 죄다...,1
솔직히 MC몽 노래 다 좋다. 그런데 대한민국이 분단국가라서 병역에 참 민감한듯.여자는 군대도 안가고 다른나라들은 군대는 직업군인 이다 MC몽 화이팅!,0
믿고 기다린 10만명의 팬들을 위해 멋진 모습으로 다시 돌아와줘요~~!!,0
죄송한데 국내에 Mc몽보다 재능있는 아티스트가 있긴하나요? 있으면 한 명이라도 말해보세요... 여러분들은 지금 국내 원탑의 아티스트를 곧 보실 기회를 얻으신겁니다. 개이득!!,0
엠씨몽의 복귀를 환영합니다. 어차피 군대가는 사람들 많은데 굳이 좋은 음악만들어 케이팝 시장넓혀 국위선양해 국민들 삶과 복지증진시켜주는 연예인들도 굳이 군대를 보내야하는지 의문입니다.,0
털어서 먼지 안나는 사람없다;이젠 용서해도 될듯,0
몽이형 보고싶었어요,0
MC몽~^^ 기대됨 ^^안보던 프로인데 꼭 볼게요 응원합니다.,0
Mc몽씨 노래 그립네요^^ 빨리 컴백해서 귀 호강하는 노래 부탁해요ㅎㅎ 잘못은 했지만 이제는 방송 나와서 활동해도된다고 생각합니다 ㅎㅎ 비난댓글은 좀있게지만 그정돈 각오하시고 좋은 노래 부탁해요,0
난 응원한다사람이 평생 한번 실수없이 사는사람있다면 그게 사람인가한번 실수하면 매장 당해야하는가기회를 한번더 줄수 있는거아닌가그의 실수가 잘못인건 알지만그의 노래로인해 많은 사람이 행복했거늘난 응원한다,0
어찌됬든..보고싶네요..,0
난 몽이 좋던데. .팬입니다^^기운 내세요~,0
병역비리 무혐의 된지가 언젠데 아직도 그얘기야..아무튼 한국은 아직도 조선시대야..,1
유아인 용서해주고 얘는 못해줄게뭐있냐?자숙기간도 그나마 제일 길었네,0
솔직히 Mc몽만한 아티스트 근 5년간 나타난 적이 없어서 매우 아쉬웠는데 mc몽 믿고 기다린 10만명의 팬들은 정말 가뭄에 단비같은 소식이네요. 어서 우리 곁으로 돌아와줘요~~! 어서요 인디언 인디언 보이~~!,0
더나쁜짓 했던 연예인들도 다 티비나와서 난린데 왜 엠씨몽한테만 난리들이지.엠씨몽이 잘햇다는건 아닌데 노래나오면 좋다고 다 듣고 1위하면서 티비나오는꼴은 죽어도못보는건뭔지.이사람한테만 그러지말고 더쓰레기짓하는 연예인들한테나 관심좀 갖길,
환영합니다. 그 동안의 마음고생한거 훌훌 털어 버리고 열심히 활동해주세여!!!,0
어자피 민중은 개돼지입니다 적당히 짓다가 끝날것이니 너무 염려하지 않으셔도 됩니다...,1
복귀 응원합니다!!,0
JTBC에서 하는거니까 우리 빡대갈 좌좀들은 그냥 보겠네 ㅋㅋㅋㅋ,2
"입치몽도 나오면, 신정환도 나올 수 있다. 뭐라 하지마라",1
꼴보기싫다,1
군부심 있는 한국 남자들 몰리겠네ㅋㅋ군대 갔다온게 머라도 되는양 갑질하는 것들ㅋㅋ군대는 무슨수를 쓰든 안 가는게 현명한거지 갔다온것들이 호구~^^,1
꼭 군대갔다왔는 놈들이 어쩌고 저쩌고 니라도 군대 빠질수있었음 안갔을거 아니야,2
문재앙의 지령이 jtbc에 내려졌다 자신을 놀린 국민들 엿먹이기 프로젝트! 곧 고영욱도 방송 나오고 노무현때 잘나가던 연예인들 출격대기!,2
이분이 아예 활동을 안했다고 보기에는.... 이름 다른거 쓰면서 음악활동은 꾸준히 해왔는데 왜 굳이 욕들을거 알면서 나오는지....,0
범죄자들 다 활동하고 유아인 서인국 이런 애들 되도 않는걸로 군대 면제 받고 버젓이 활동할려고 하는중이고 그것뿐만 아니라 연예인들중에 군대 안간 애들이 수두룩함 그러니 씨몽이도 이쯤 됬으면 활동해도됨 당당하게 활동해라,0
mc몽 힘내요! 비난하는 사람이 많지만 몽이를 사랑하는 사람도 있다는거!!! 꼭 잊지말기~,0
Mc몽 사랑한다 힘내라 너의 노래는 나에게 희망을 준다,0
MC몽팬이였어가지고구런지몰라도 응원합니다 잘됬으면 좋겠다,0
반가워요 엠씨몽,0
노래 듣고 싶어요~ 환영합니다~!!,0
오늘다시느끼지만 댓글이사람하나죽이는구나 엠씨몽을옹호하는건아니지만 8년이면 충분한자숙기간이고 악플을다는사람들은 왜그리쉽게말을 내뱉는지 자기가족이어도 똑같이할까?,1
몽아~~~ 기다렸다,0
몽아~~ 보고싶었다,0
엠씨몽씨 힘내세요 용기내세요 ~~!! 마약하고 도박한 사람들도 다복귀하고 방송하는데 뭘망설여요 피할수없으면 즐기래요 엠씨몽씨 노래정말좋아합니다 방송에서 자주보고싶습니다 화이팅 !!,0
이제 용서해주자,0
엠씨몽은 천재다 확실히...좋은 음악으로 보답하세요,0
환영해요 형님 ㅎㅎ,0
응원합니다!,0
죄값의 몇배는 더 치뤘다 이제 그만 돌아와라,0
"댓글에 긍정적인 댓글만 볼수있는 기능 있음 좋겠다.. 남동생 둘 있는 누나로서 대한민국 남자들이 군대를 가서 2년간 상상못할 시간을 보내야 한다는 게 너무 마음아프고, 안갈수있음 다 안갔으면 좋겠고 가야하면 여자도 가는게 맞다고 생각한다. 근데 엠씨몽이 군대를 안가려고 일부러 그랬든 그게 아니든 8년이다 사람이 살아있으면 먹고 살아야지 우리도 알게모르게 많은 죄를 지으며 사는데, 저사람만 저렇게 죽일놈 취급하는 건 정말 아니다. 욕하는 사람도 힘들텐데, 용서는 아니더라도 그냥 그럴수있었겠다 이해해주면 좋겠다",0
더 나쁜짓 한 연예인들 수두룩함~~!!이젠 받아들일수 있어요~~자숙기간 충분함,0
난 솔직히 승준이형 무대 보고싶어..난 군대갔다왔지만 승준이형 한국 왔으면ㅜㅜ,0
엑소랑 빅스 서로 친한건 좋은데 엑소팬 입장에선 거리 좀 뒀으면 좋겠네요. 왜 공부도 비슷한 수준끼리 어울려야 더 잘한다고 하잖아요 아이돌 세계도 마찬가지라고 봐요...이왕이면 빅뱅같이 급되는 애들이랑 놀아야 서로 자극받도 발전도 하는데 솔직히 빅스는 좀.....,1
얘네들 가끔보면 여성적이거나 넘 중성적이라서.. 끌리진 않던데..쩝,1
새앨범 내주자니 제작비가 아깝고.. 그냥 빌미삼아서 활동시키는거넼ㅋㅋㅋ 역주행이라고 좋아하는 가수나 팬이나 애잔. .,1
무대 약간 니뽄 느낌나서 평창가기엔 별로...,1
그래봤자 엑소가 훨씬멋있고 잘나가거든요;;,1
"스타벅스 년들 난리났네. 그래봤자 빕스 알바만도 못한 것들인데, 불쌍하고 애잔하다.",1
얘네도 더유닛 믹스나인같은데 나가서 재기 노려봐야할듯.. 응원할게..,0
빅스가 평창무대 나갈 급이되나? 빅스가 나가면 틴탑 몬엑 보이프렌드 이런애들 다 나가도될듯,1
빕스보단 아웃백,0
응 관심없어,0
얼마나 대단한가 해서 네캐 봤더니 고작 조회수 70만 ㅋㅋㅋㅋㅋㅋ 강다니엘 프듀 직캠 조회수는 1100만이야 이것들아 ㅋㅋ,1
"대체 어느 부분을 봐야 놀라야하는거지 노래도 별로 게다가 립싱크 차라리 전에 나왔던 기적,저주인형,대다나다너가 훨씬 퀄리티 높고 더 좋다",1
애네들은 피지컬은다지리는데 잘생긴애가 1명말곤 없음..,1
빅스 보단 EXO ♥♥♡♥♥♡♥♥♡♥♥♡♥♥♡♥♥♡♥♥♡♥♥♡♥♥♡♥♥♡♥♥♡♥♥♡♥♥♡♥♥♡♥♥♡,0
홍빈인가하는애말고는 볼거없드만,1
빅스는 무슨 사이비종교같음 맹목적으로 좋아하고 덕질하는애들같음 팬들이넘좋아해서 좋겠수다 아주~~군대안가냐 이넘들아,1
계집년들 댓글 달지마라. 여자들이 건방지게,2
애네가 방탄보다 낳나요???,1
혹시나 음방 대기실에서 우리 강다니엘을 마주친다면 선배라고 건방지게 모가지 빳빳히 세우지말고 90도로 폴더 인사 부탁드립니다 종이쪼가리만도 못한 인기 가지고 우리 다니엘한테 선배행세 했다가는 1700만 강다니엘 팬들이 가만 있지 않겠습니다,1
빠순이들아 이거 안 좋은거야. 음악방송은 최소한으로 하는게 좋은거임. 무대비용 다 소속사에서 충당하는데,1
박스도아니고 빅스는 뭐냐 ..,1
그냥 가수접고 인생도 접으세요 빅스분들,1
친구가 짜꾸 vixx래요. 영어를 모르나? 친절하게 bigs 라고 말해줌 소학교 영어실력인 제 친구 제가 바른 팀명 일러줬습니다!,1
빅스개그맨임,1
그정도 아니던데 또 우르르ㅋㅋㅋㅋㅋㅋ에휴,1
평창에 저 컨셉을 방탄이 하는것도 괜찮을듯?,1
빅스 약빨 다 된듯. 악플이랑 짬뽕으로 다 섞여도 1위기사 못되네 ㅠㅠ 2000도 힘들군,2
홍빈 발연기,1
시계 춤추고 있네 음치면 연습해,2
"엑소랑 데뷔년도 같던데 엑소는 6년동안 쿼드러플 달성, 서가대 5년 연속 대상, 잠실콘서트 7만명 동원 등등 할동안 대체 뭐하셨나요??",1
처음보는 애들인데 이번에 데뷔한 애들인가여?,1
빅스보단 빅쇼가 어울린듯,1
EXID는 챠트 역주행하고 강제소환됐다지만.. 얘네는 진짜 뭐냨ㅋㅋ 챠트인부터 좀 하고 언플햌ㅋㅋㅋ,1
노래구리던데,1
"대단한건 알겠는데 평창은 오바지 않냐. 사람들이 인천아시안게임처럼 연예인, 아이돌 잔치될까봐 개회식때 가수 안부른다는데 폐회식 나오는 것도 불만이더만",2
저도 인상깊게 봤는데 노래가 딘이랑 너무 비슷하던데… 나만 느꼈나… 듣자마자 딘 노래 암쏘리~ 하는 부분 오버랩되던데,1
강제소환이 아니라 강제은퇴 아닌가요?,1
또 누군가 밀어주는건가? 갑자기 언플 지리는데...이상한데.,1
조만해체각 누군디?,1
뷔가 박수치는거 보려고 조회수 폭등한거 아닌가?,1
이렇게해서라도 빅스를 띄워주고 싶은 눈물나는 빅스걸들의 정치질 ㅠㅠ 그래도 2000 안되네 ㅠㅠ 내가 악플로 채워줄게~~~ 무급알바 열심히하고 빨리 느그부모돈 빨아서 빅스한테 오지게 바쳐야 뜨지 ㅠㅠ,1
와꾸가 안되잖아 와꾸가,1
헐 얼마나 잘하길레 ㅋㅋㅋ 트와이스 레드벨벳이 갑인디....,1
나는 빅스 팬인데 이 무대는 별로였음,1
처음 보는 애들인데?,1
빅스 퇴뮬인데 ㅋㅋ몬개소리야 ㅋㅋㅋ방탄 무대가조회수 압도인데 ㅋㅋㅋ추천수돜ㅋ,1
솔까 퍼포먼스 방탄 아래급임...,1
느그들 왜 엑소따라해,1
이런거 볼시간에 워너원 직캠 한개를 더 보세요 그게 더 값짐,1
엥 활동끝낫던걸 왜해??? 요청이얼마나많아야함?..,1
주작이 너무 심한데? ㅋㅋㅋㅋㅋㅋㅋㅋㅋㅋㅋ,1
도원경이 저중 누군진 모르겟지만 강제로 하기싫은거 억지로 하지마강제소환이라니 아닌건 못하겟다고 딱 해라,1
빅스 망했어,1
실상은 극성 팬들의 댓글 복붙과 조회수 광클,1
강다니엘 해피투게더 에서 보다니 넘 좋아~ 선배님들과의 케미 기대할께요~,0
라비 솔로도 계속 망하고 그룹도 안되서 곧 해체하겠다고 생각했는데 ㅋㅋㅋㅋㅋ 1년 계약연장했네,1
그래봤자 보이그룹원탑은 엑소..,1
누구지? 신인인가?,1
애초에 여기에 역대급이다 해놓고 안본사람이 반일거면서 뭐 참나..ㅋㅋ,1
하기싫은거 억지로 강제로 소환하면 되니?강제로 하는건 나쁜거야 나오지 말도록,1
근데 여전히 멜론 900위에도 없던데,1
박스인줄... 아트박스,1
뭔 평창을 가ㅋㅋㅋ 또 강남스타일추고 아이돌들나와서 욕ㅈㄴ게 먹겠구만ㅋㅋ 노답,1
진짜 허접하던데..급조한 동양컨샙에 뭐 저런게 있지 했음. 팬심 빼고 보세요 진짜 인기없는대엔 이유가있어요,1
망했는데 왜 다시 기어나옴,1
도원경으로 상받은적이나 있나..,1
아무도몰라서 신곡인줄알았던....ㅋㅋ,1
별반응없엇는데 팬들끼리 쿵짝쿵짝ㅋㄱㅋㄱㅋㅋㄲㅋㄱㅋㄱㅋㄱㅋㄱㅋㄱ,1
얘들은 이별공식할때가 제일좋았어,0
잘생긴 애들 하나도 없고 노래 잘하는 애들 한명도 없음 진짜...,1
응? 다른가수들의 조회수가 더 높던데,1
동양스럽긴 하다만 다른동양스럽다 일본이나 중국이생각난다. 우리나라스럽게 도련님들처럼 갓을쓰고 꽹가리치면서 비보이까지 더하고 그런컨셉가봐라 조회수폭발나지ㅋㅋㅋ,0
팀 이름 이 빡스가 뭐냐 빡스가,1
방탄이라는 기지배들 닮은애들 보당 낫다,1
현실은 멜론 지니 벅스 엠넷 네이버등 어디에도 100위안에 없다. 2일동안 네케 장악했는데도...그냥 보기만하지 돌려줄 팬이 없단것,1
어차피 방탄 미만잡,1
어쩌라구 빅스팬인가 ㅡㅡ,1
와..빅스는또누구냐?듣보개많다진짴ㅋㅋ개나소나아이돌ㅋㅋㅋㅋ,1
주작질 좀 적당히해라,1
방탄보단 별로던데,1
긱스는 아는데 빅스는 또 머냐 처음 들어보는 거 같은데 듣보잡인가보네,1
너무오바하지않았으면^^; 방탄도아니고,1
암요 얘네도 둘째가라면 서러울 이루미나티 아이돌인데 안챙겨줄리가 없지 고럼고럼 상반기 엑방원 챙기느라 소홀한 빅스 뒤늦게 보상해주는가보다,1
딱 30대 언냐들 집에서 낄낄대며 좋아할 예능,1
지겹다 먹방,1
관종 나영석이는 왜 자꾸 티비에 면상을 들이미냐.,1
나영석은 1박2일 관두고 더 성공했는데 강호동은 1박2일 나오고는 개폭망 아직도 회복이 완전히 안되고 있다.,1
"보건증 등록했냐? 똥꼬나 질에 면봉 집어 넣엇냐? 개 더럽네 , 똥 닥은 손으로 음식하는거냐?",2
시청자 우롱하지말고 영업종료해라,1
노잼이라. 영업종료. 피디 눈치 존나 빠름. ㅋㅋ,1
직딩인데 350만원 파는데 순이익이 10만원 밖에 안남나요? 장사 왜 해요? 직장생활이 낫네요 저 월급 400정돈데 일 20만원정도 되네요,1
꼴보기싫은 강정은하고 이토토 이두 범죄자들좀 들어내라,2
"나영석은 가만 보면 1박2일 아니었으면 뭐해먹고살았을지,,, 그놈의 정타령~강호동라인 인데 이승기좀 놔줘라 전역하고 바로 나영석 강호동 예능 갈줄알았냐? 그도 군대에서 생각 많이했겠지 지금 니들 예능 안가고 다른예능하는거 봐라 이승기 타령 그만해라 추잡하다",1
노잼이라. 영업종료. 나영석 피디 눈치 존나 빠름. 인정. ㅋㅋ,1
"이런 기획하지마라 나피디야 ~재미찾자고 자영업해서 흑자 십만원?? 하루하루 먹고살기 힘들어 오늘내일하는 자영업자들이 얼마나 많은데 이 프로그램보면서 괴리감과 자괴감만 늘어갑니다 재미로보는 청춘들에겐 꿈이 될수잇겟지만 현실에 맞닥들여잇는 자영업자들에겐 마냥웃음짓고 볼수없는 프로그램이네요.,.",1
그냥 강호동이 싫다,2
아 강호동 이수근 지겹다 노잼,2
이거 왜 함? 보는 사람 있어?,1
안재현은 진짜 재미없다왜나오는지...빠져도될거같은데승기나 나왔으면 좋겠다,1
내가 손님이면 음식에 침 다 튀고 힘들다고 대충대충 만들고 나오는데 한세월이니 빡치겠다. 다 대본이고 손님도 사전언질 받았겠지. 장사에 식솔목숨이 걸려있는 사람이 대부분인데 장사가 연애인 장난이냐? 백종원은 노하우라도 배우지 원..,1
과거 1박2일 출연진들의 범죄행동 그에 알맞는 연예인을 순서대로 써보시오 탈세 - 매니저와특수강간불법도박 - 군기피 - 성매매 - 간통 - 음주운전,2
추접하게 이런걸로 인기끌려고하다니 나영석이 이젠 다되었네,2
비교하는게 웃기지만 푸드트럭보면 백종원이 존나게 까지 왜?별볼일 없는것들이 돈만 있으면 요식업을 창업하지 마치 성공할줄알고 백종원은 예능인데도 쓴소리를 날리지 우리나라 요식업이 너무많음 툭하면 차리는게 음식점~강식당 윤식당은 진짜 뭔 의도인지 1도 모르겠다 재미있으면끝인가>?,1
개인적으로 시즌2에는 이승기도 껴주시는거알죠? ㅋㅋ 신서유기 원년멤버고 차라리 안재현을 좀 빼요,1
장난허냐! ㅆ바 느그들은 장난 장난,2
강식당 장사 너무 더럽게 한다ᆞᆞ주방에서 위생용 입마개도 안하고 웃고 떠들고 침이 한바가지 들어가겠다ᆞ김밥은 맨 밑에 칸에 넣어 먼지도 많이 들어가겠다ᆞᆞ강식당 실패작이다ᆞ,2
항상 같은 사람만 나와서 질린다티비에서도 좀 새로운사람이 나왔으면~~~,1
강호동은 왜 안재현 왕따시키나. 그저 자기가 얘뻐라하는 애만 주구장창 이뻐하네. 재섭서.,2
너네들보고 장사따라 했다가는 완전쪽박아님? 그걸벌어서 어찌 살림하겠나?,1
근데 한국에서 하니까 손님이 항상 만원이라 딱히 색다른 재미는 못느꼈음.그냥 요리->서빙->손님반응->힘들다 끝 이게 무한반복이수근없었으면 진짜 노잼예능될뻔..이수근이 다살림,1
"개인적으로 확실히 윤식당이 볼맛은 더있는듯.장사안되서 손님 오게할려고 별짓다하는거. 매회 진행될떄마다 나름의 메뉴추가 , 그리고 관광지풍경 등등..강식당은 너무 일과가 똑같음",1
안재현은 구혜선이랑 잘사나요?? 얼굴이 뭔가 지쳐보여요 결혼생활에 문제있나,1
별 신선한것 없고 전파낭비,1
예능을 빙자한 저런 저질프로들 없어져야 한다. 특히 저런 쳐먹는데 집착하는 한국의 저소득.저학력층 서민들이 즐겨보면서 ㅋㅋㅋ 거리는데...국민 수준 낮추는 프로들은 정부에서 통제하고 예술.다큐 위주로 편성해야 한다,2
너거가 코메디언이가 맨날 놀러나 처 다니고 게임이나 하고 코메디는 언제하냐,1
10만7천언 흑자?? 스태프 식비.인건비 포함임???,1
나영석이 1박2일 나와서 타방송국 가서 하는 스타일은 죄다 똑같음 뭔가 바껴야 할꺼같음,1
그냥 강오동씨는 한끼줍쇼만 하면 될듯 밥좀 얻어먹으러 왔어요 하고 경규행님 따라다니면 됨,1
TVN은 시대를 앞서간 세얼간이2 갑시다! 작가님 이수근 은지원 장성규 가봅시다 ㅅㅊㅅㅊ 특별히 드리는 팁입니다 래전드찍을겁니당,1
인건비 빼고 흑자면 저게 흑자냐..논리가 개어이 없네..임대료 주방기구 건물값 인테리어 다 어디갔냐?!,1
재미는 있긴한데 인력낭비하는 느낌,1
대기업이 자영업 다 죽이는 소리하네. 광고로 돈벌고 출연료받는 애들이 흑자가 무슨 중요하다고 다 퍼주기 식당이라 자랑하냐?,1
"이수근은 처음에는 근본없는 양아치인 줄 알았는데, 보면 볼수록 소시오패스. 좀 무서움.",2
개인적으로 나영석 TVN 예능 시리즈중에 빼야되는 노잼 멤버들1.신서유기 -안재현 2.삼시세끼차승원팀 - 손호준,2
일반인을 개 돼지로 아는 방송인가? 저딴걸 돈주고 사먹는 사람들은 뭐냐? 공짜로 줘도 안먹겠다. 티비한번 나오겠다고 돈주고 저런걸 먹냐?,2
근데 음식이 너무 비싸다고 생각한거는 나뿐?? 돈까스 크기가 크긴 하지만 2만원이 훌쩍 넘더만;; 오므라이스도 밥한공기에 18천원이 넘고;;,2
나는 나영석 1박2일 패거리 진짜 지긋지긋하다 의리?개풀뜻뜯어먹고 자빠졌네,2
강호동 니가 다 쳐먹었지 ㅋ,2
이승기 등판하나요~~~,1
승기까지 있었으면 대박이였을텐데 그래도 정말 잼있었네요,0
이수근 범죄자,2
"전파낭비, 교양 시사프로그램 늘려 주세요.애들과 함께할 방송이 없어요...수준이 너무 엉망..",2
음식조리 위생 보고 토나온다,2
다시는 하지마시고 그냥 다들 자기프로그램에 열중하시길^,1
난 안재현 빼고 승기 들여보나달라 안재현은 정말 노잼이다 예능안하고 다큐한다,1
"은지원 = 박근혜 생각나고 ,강호동 탈세 ,이수근 도박 성폭행 루머 다 잊고 본다.",1
은지원은 자기 고모 면회 안감??..,1
그만해라,1
악플다는것들 유줌마들이지 단체로 몰려 다니며 예능은 모조리 다 까고 다닌다며 ㅋㅋ,1
"확실히 이쪽팀은 이수근이 에이스임. 이수근 없다고 생각하면 ..걍 노잼예능 , 그나마 송민호인가 걔가 문제맞추기할떄는재밌더라.",0
됐고...이수근 강호동은 외식프랜차이즈 하는 애들인데 자기 장사였음 절대 저렇게 안하고 예능이라 웃음주기위해 힘들어도 한거고 나머지도 마찬가지... 그냥 웃음주는 예능수준.. 출연료 때문에 열과성의를 다한수준으로 밖엔 안보인다..장사가 장난인줄 아나...ㅡㅡ,1
글쎄!가게세 인건비 빼면적자도엄청난적자아닐까요? 흑자라는표현보다 자영업자들의 고충을 조금만 헤아려줬으면 참좋겠네요,1
음식장사로 매출 350인데 순이익이 10만원에피식했다. 하루이틀 장사하나,1
5명인건비 5일치 최저 시급 7530원만 적용해도 최소 200만원은 적자 입니다. 이래도 문재앙 입니까? 자영업자 죽어가는 소리 안들리시나요?,1
이수근 좀 빼라,1
"이수근, 김병만 같은 근본없는 하류 인생들의 생존본능은 정말 역겨움.",2
매출은 뭔 매출 사람들 작작오라고 추첨번호표 뽑아서 들였다며 ㅋㅋ 어차피 연예인님들과 리얼은 태초에 양립이 안되는걸 갖고 리얼이라고 한 10년을 약팔아처먹었음 딴거좀 해라,2
정말 무의미한 프로다....짜고치고,1
근데 강호동이 안재현 좀 만 더 이뻐해줬으면,0
당신들은 재미로 장사한거지만 현실은 전쟁입니다.요즘 돈까스가게에서 손님들이 돈까스 강식당이랑 비교하면서 비꼰답니다 후책임은 장사하시는 분들 몫인가요?,1
칼질도 못하는 사람들이 무슨 식당ㅉㅉ참 돈벌기싶네!,1
유재석이 지고 다시 강호동이 뜰 줄 누가 알았을까,1
유재석이도 이젠 한물 훅갔지 뭐,1
인건비 임대료는 안따지냐? 장사 때려쳐라.,1
손님조금받고 흑자ㅋㅋ미친 가격이 얼마나 뻥튀기된겨ㅋㅋ,1
씹노잼,1
"기레기 빠순이가 순수익의 뜻도 모르고 앵무새처럼 나불대고 있네. 순수익은 총매출 - 총비용인데 임대료, 인건비, 전기 가스비, 수도세 같은 거 다 빼고 순수익이랜다. 연예인 얼굴 팔아서 이 정도면 연예인 얼굴 못 파는 외국에서는 서비스 불만에 완전 적자인 쓰레기 식당이다.",2
6일동안 350만원 팔구 10만 이익개뿔 같은 소리 하네. ㅋ그럼 식당 망하는데 하나도 없것다이넘들아 ㅋ,2
곰곰히 생각해보면 나영석은 1박2일 그늘에서 갇혀있는듯한 느낌 ~~그 포멧으로 늙어 죽을때까지 살듯,1
부가가치세는 납부하고 ? 혹시 면제인가 ?,1
출연료는 ?연예인 코스프레진짜로 해봐?,1
강호동.김구라.김성주 지겹다 이제 어디를 틀어도 애들이니 티비보기실음,2
무한도전 정치화되고나서 안본지 오래 유재석도 지겹고 노잼,2
강식당2는 꼭 승기가 돌아오길,0
화유기도 망했고 규현 자리도 하나 비는데 이승기 신서유기 컴백하시지?,1
음식 가격이 후덜덜 강호동까스가 2만원이 넘네..,1
아..수근찡 ㅋㅋㅋㅋㅋㅋㅋ 노래작사작곡 이잊혀지지아너요,1
선비들 개많네 ㅋㅋㅋ 방송에서 월세 인건비 전기세 수도세 가스비 다 정산해서 나오것냐,1
푸드트럭에서 백종원이 요식업창업하는 사람에게 예능인데도 개 쓴소리하는 이유가있고~고든램지가 주방에서 악마가 되는이유가 있는거다 연예인이랍시고 저러는건 골때리는거지,1
시즌2하실꺼면 음식하실때 마스크착용해주세요 ~ 말씀을 너무하셔서ㅋㅋ 침이다튀는거같아요,1
알바도 안썼는데 겨우 10만원 흑자... 이런 와중에 최저시급 올린다는 문재앙 정부 클라스... 현실이 어떤지도 모른채 그저 지지율 좀 올려보자고 탁상공론하는 역대급 무능정부,2
도대체 인건비가 얼마길래...?!!! ㅋㅋㅋ,1
현우님 자리뺏겨서 흥칫뿡 한거 같은데 ㅋㅋㅋ,1
유시민이 얼굴 좀 보이지마라!! 재수 없어!!,2
솔직히 저 두×× TV 출연하는것보면 정말 꼴보기싫음.한쌍의 바퀴벌레. 그냥 삼류 정치인이 아닌 떨거지들...,2
친일파 후손 유시민 이 더러운새키 캬아아악퉤!!!,2
라디오스타엔 박원순 수요미식회에는 유시민 ㅋㅋㅋㅋ 이게 방송장악이 아니면 뭐지? 예능에 왜 정치를 하는 사람들이 나오지? ㅋㅋㅋ 지네가 하면 새다른 캐스팅이고 남이하면 방송장악인가? 두고봐라 공수교대 곧 한다,2
좃비씨 빨갱이들 ㅋㅋ,2
꼴배기 싫은 두사람 나왔네 ㅋ,2
저 두 갱상도놈 나오는 프로그램은 아예 안봅니다. 대구 지역방송이나 출연하게 하시죠.,2
유시민씨 아무리 말을 하고 싶더라도 다른 사람 이야기 다 끝나면 해라! 이야기 도중에 끝고 자기말 하는 것 보면 조급증 걸린 사람 같아! 남 들도 배려하는 마음을 갖도록! 어느 프로에서나 자기말만하는 김구라 닮아 가는 것 같아 보는 사람 안타깝다.,1
유시민 너는 돈벌려고 방송하고 돈이나 벌자고 정치질하는 놈이냐??,1
밉상콜라보,2
홍어미식회로 이름 바꿔라!홍어방송국에 홍어찬양패널들 모아서 반상회 하는 프로,1
악질친일파후손이라도 문재인빨아주면 지지하지,2
알면..얼마나 안다고..음식문화? 요리? 맛? 정치? 역사? 이념? 이 시대에 현자는 자연.환경.농업.자급자족.도시문제.지구생태.인류의 자제.인간과학의 이기적인 발전.농업문제.식량문제.인구분산연구..................................그리고 인류애!!! 대한국민은 30년 추락한다..!!! 각오해라!!!,1
유시민 활동영역을 넓히는거보니 몇년후에 정계 복귀 하겠는데,1
"촉새같고 자기만 옳은줄아는 유시민,황교익 둘다 딸랑거리는 이미지라 역겨운데, 수요미식회 신동엽땜에 보다가도 황 말하면 체널돌리는데, 비호감 한마리더나온다고?",2
유시민 잘난척 하는 모습이 겸손은 전혀 찾아볼수 없는 양아치로만 보이네,2
황교익은 좌익인가요 우익인가요,0
무슨 시대의 지식인인 마냥 이리저리 설레발치고 다니네...그 유명한 항소이유서는 겁나 빨아제끼지만 왜 감옥에 갔는지는 알려하지 않네ㅋㅋㅋ,1
속빨간 넘들끼리 아주 좋치 ㅋㅋㅋ,1
요즘 티비보면 무슨 북한방송같애ㅠㅠ,1
수구 꼴통에는 참 인재가 없어....지지자들도 허접하고... 참 안쓰런 인생들,1
문재인 당선 최대 특혜자 유시민인듯ㅠㅠ다른 사람 얘기는 듣지 않고 본인 할말만 해대는게 정말 별로ㅠㅠ,1
이건꼭봐야해^^,0
"대표적인 비호감 궤변론자들...나영석PD曰 ""유시민 작가, 편집하다 보면 다 틀린 얘기"" 깜짝 폭로",1
좌파 유시민씨~~ 이렇게 연예계 발들여 놓기 좋은가봐요??? 이미지 포장 죽이네요???왠만하면 정치인들은 연예계 나오시지 말고 그냥 정치나 하셨으면 좋겟네요~~,2
좌빨러^^* 러시 들어 가요~~ 요즘 황씨 아저씨도 정치물 좀 마시더니 ㅋㅋ 좌제동이 조용하니 대타뜀 ㅋㅋㅋㅋ,2
둘이 도시어부 나가도 재밌을 듯,0
알볼란다 막은것도 토 나오것따...저분들때매 알쓸신잡도 안본다,1
[청원진행중] 유시민을 정치권으로...,0
뭔 방송에 좌좀넘들만 일케 나오냐 공영방송부터 예능까지 완전 다 장악이구만,1
좌빨미식회로 바꿔라~~ ㅉㅉ,2
"유시민은 종북좌파인건 다 아는사실이지만, 황교익이 골수문빠라기에 황교익 출연 방송은 아예 안본다.",2
문슬람의 황태자 북시민,1
요즘 방송에 좌빨들 너무나오는거 아니냐 적당히좀하자,1
유시민 하는소리 다지어낸거라 편집하기힘들다고 pd가예기하더라 ㅎㅎㅎ 유시민이 하는소리는 다거짓말이라고,1
유시민 부친이 유태우 라는 작잔데 일제 시대 황국 신민회 교육에 적극 앞선 일제 훈도 였다,1
하는말마다 구라라 80%가 편집해야되는 사람 얘기듣고 우와 지식이다~~ 이러는 깨시민들 지적수준 ㅋㅋ,1
유시민 놈현 시절에 60대가뇌면 뇌가썩는다고 노인비하 막말하더니 이제 지가 60 살됫음ㅋㅋ,2
좌파세상이군...떠 잘난척 하겠지...ㅋㅋㅋ,1
얕은 지식으로 입 많이 아프겠다 ㅋ,1
좌편향 잔치인가? 수요미식회도 정치적이네,1
연예인 되고싶은 정치인들...,1
대표적 좌파 방송인들의 만남~~,1
"황교익은 되게 미리 공부해서 오고, 노력하는 느낌 ㅎ ㅎㅎ",1
찌질한 새끼들 똑같은새끼들끼리 뭉쳤네,1
오~ 단독게스트의 위엄~~~,1
두 분 참 좋아합니다. 다른듯 비슷한 느낌~,1
요즘은 방송이 좌파 천국이야.,2
유시민씨는 낚시도 잘해서 생선에 관심도많고 지식도 풍부할듯,0
요즘 유시민 초심잃고 좌편향된 발언이 너무 많아졌다,1
"유시민 ""60대가 되면 뇌가 썩는다"" =》 유시민 올해 60살 뇌 썩었음",2
예능에서 정권타령하는 빨갱이것들 어떻게좀 안되냐 ㅡㅡ 더럽네,2
문재인 빠는거 보고 썰전 접었다내가 무슨 여당광고방송 보는것도 아니고예전에 문정부 들어서기전에는그나마 객관성이 있었는데지금은 여당에 대해 부정적이면목에 핏줄 세우더라,1
이제는 안나오는데가 없네..좀 이따가 TV프로 사회자로 나온다에 전 재산 건다..,1
정치그만두이 할짓없는가베 이프로저프로 전전하는거 보이 쉴라고 그만두었으면 푹쉬라,2
유시민 이전정권때 반대편에서 까는거보니 속시원했는데 요즘보면 그냥 문정권 허구헌날 쉴드에 물고 빨기만하니 밥맛떨어진다... 그럴거면 한자리 달라하슈... 까일만한 걸 쉴드치고 빠는거보고 정치에 몸담고잇는 인간들 수준을 봄,2
이정부 화이트리스트 유시민,1
썰전에서 북한핵보유국으로 인정해주고 협상테이블에 앉히자는 소리하는거 보고 기가차더라 ㅋㅋㅋㅋ,2
좌파세상,2
황교익 생활의딸인에서 뜬금없이 카스테라 쳐먹고 끝내준다고 하던데. 니 입구녕이 의심스럽다.,2
황교익씨 원래 걸어다니는 사전임. 미리 공부할 필요없는 원래 잡학이 탑재된 잡학박사임.,0
시민이는청와대홍보수석!!!,0
지들이 세상의중심이라고 믿고 사는것들아냐?ㅉㅉ,1
사실 황교익의 맛 평가는 진짜 주관적이고 아집이 많지 않나?;; 말 그대로 자기입맛과 다른 사람은 그냥 음식 모르는 사람;;,1
유시민이 뜨니깐 비가그쳐요!!,1
두 찌질이들 보기싫어,2
유시민의 날카로운 이성과 황교익의 부드러운 감성이 잘 맞아 떨어짐. 서로 달라서 더 어울리는 케이스.,0
아직도 댓글에 좌좀이니 하는 초딩수준보다 못한 찌질이들이 있네 ᆢ정신차려라,2
유시민도 좌파단물 슬슬 빠지는중,2
유시민 식당 유식당도 괜찮을 듯ㅋ,0
좌빨성향 인간들 요즘 봄날이네. 천년만년 해쳐먹겠다,2
빨갱이 괴변가 유시민 나대는꼴 언제까지보나.,2
두분은 정말로 정겹다,0
정치 그만두고 정치질 대놓고 더하는놈 아닌가 ㅋ,1
기대됩니다~~~~^^,0
평론가에서 최고레벨까지 가려면 전문분야뿐만 아니라 문학 사회학 철학도 높은수준의 소양이 기본으로 필요합니다. 알쓸신잡에서 문학에 대해 논하실때의 두분을뵈면 알수있죠,0
갓시민 때문에 이젠 하다하다 수요미식회도 보게생겼네 ㅋㅋㅋ,0
꼭 시청해야겠네요! 유시민의 출연은 앞으로 수요미식회에서 지향해야할 방향을 제시해주실거같네요!,0
정치인들 제발 안나왓으면 좋겠다,2
저날 가는 집은 북괴집이라 안가는게 정답,1
문재인대통령하고 주진우기자하구 김어준총수하고 박원순시장 이재명시장도 불러주세요,0
무조건 본방사수각,0
문베충 두마리... CJ 너무 노골적이야. 극혐,2
정권이 바끼니간 아주 날라다니네 어떻게보면 얘도 비선실세야입만열면 전정권 비방에 의혹에 아주 살판 났드만.,1
둘다 문슬람이라는 공통점이 있지,2
노빠 문빠들이 신났네,2
수영 너무 예쁘다,0
넌 가수느낌은아냐.연기자 얼굴이쥐,0
김유정 닮은거 같다,0
한국의 판빙빙 최수영 사랑해,0
소녀시대중에 수영 와꾸가 제일 좋네,0
첫번째사진ㅋㅋ김유정느낌?약간?,0
소녀시대 맴버중에 애가 젤낳냐?,0
김유정 황인영 느낌이 순간 들었음,0
사랑한다 수영아 !!! 40대 오빠가...,0
"수영 이제 배우삘이네 잘하는사람이니 인정받을거에요,, 퐈이팅!!",0
수영이가낳냐? 수지가낳냐?,0
무표정에서 김유정이보인다,0
최수영배우 흥하세요,0
김유정이랑 비슷해,0
악플다는거 윤아 태연 악개잖아? 남적남 하다가 악개질 ㅋㅋ,1
소시 탈퇴인가요..?,1
와 진짜 정경호씨랑 분위기 비슷해짐 존예,0
수영이 데뷔때 보다 더 이뻐짐 대박,0
수영장에서 수영이랑하고싶다,0
이쁜데 왜 그러시나~소시에서 수영이 젤 이뻐화이팅이예요~~^^,0
아니 수영 언니가 더 이쁘던데 하얗고 ㅋㅋ 왜 동생이 연예인을 햇을까 ? ㅋㅋㅋㅋ 언니가 훨 낫더라 전혀 동남아 사람 같지도 않던데 언니랑 엄마 둘다 이쁘던데 대체 누가 동남아 사람같이 생긴거지 ? 아빠인가 ?,1
사진빨은 괜츈하네,0
수영아 진짜 나니까 이정도하는거다 소원은아니지만 니가좀 안되보여서 댓글다는데 소원들은 정신을 못차린다 그회사들어간겈 신의한수다 이것들은 팬도아니다 진짜 팬이라면 이럴수는없는거야.. 써니랑효연이랑 수영이 가 성격이 좋으니까 이정도지 ㅇㅇ 알지?기복심한 누구였음 벌써난리난리오졋음 효연이짱,0
첫 번째 사진은 수지 닮았다,0
여기서 인종차별 하는얘들 100퍼 못 배운 절라도 홍어들임,2
김유정이랑 닮은듯,0
장나라도 SM연습생 2년 했는데 성형하나도 안함. SM이라고 성형 다 시키는 것 아닌데. 소녀시대만은 어째 SM은 성형시킨다 이미지가 굳어졌음. 수영도 거의 안고친 얼굴임.,0
완전 이쁜데 댓글들 난리고 ㅡㅡ,0
소녀시대 해체됐나?,1
윤카수랑 친해서 싫음,2
시대를 잘못 타고태어난듯80년대후반이나 90년대 초충반때 연예인으로 데뷔했음 진짜 한딱가리 했을텐데 외모지적도 덜받고 가끔 보면 불쌍함,0
이쁘기만하고만.. 가시나들 질투하긴,1
자세히보면 참이쁜데 뭐라 설명을할수없어,,0
"저는 20대 여성 페미니스트 소시오패스에게 넌덜머리가 납니다. 조직스토킹,전파무기 양심고백 바랍니다.",2
김치녀들 인스타 뽀샵오질라게함극혐,2
이렇게 찍으니까 또 배우느낌이네,0
메갈이들이 비공누르니,2
외모도예쁘고 연기도잘함~,0
김유정 어른버전 같은데?,0
이쁘다,0
와 소속사 옮긴 누구라고 말 안해줬으면 누군지 몰랐다!!! 동남아 느낌없고 이쁘넷,0
얘 실제로보면 조오~~~~온나 말랐음 뼈밖에없음 한녀들반성해라~,2
"난 수영 좋더라~ 얼굴이 막 다른 연예인처럼 이쁘지는 않아도, 개성있고 질리지가 않음! 그리고 솔까 이쁘잖아?",0
수영아 고소해 제발,0
난 수영이랑윤아가 젤 이쁘던데 악플많네 ㅋㅋ,0
그래서 수지는 어디소속아입니까?,0
엠넷에서 안경~~ 하면서 인사하던 아이의 모습은 없구만 ㅎㅎ,0
박태환하고 결혼하면 뉴스거리 될 듯....,0
댓글 정말 너무들 하시네특별히 이쁜척하지도 않았구먼.. 탑배우 정도 예쁘지 않은 사람은 대체 프로필 사진 어떻게 찍어야되나요?? 솔직히 난 수영이 안 예쁜게 아니라 너도나도 다 성형하니까..이쁘다는 기준이 넘 높아진거 같음..이뻐진 얼굴만큼 마음도 좀 곱게 쓰시길예쁘지 않다고 이렇게 부글대는 댓글 너무 이상 ㅠ,0
애련이파이팅,0
순간 이유정인줄.,0
밥상으로 연기하는것좀 알렸어야 했는데 ㅋㅋㅋ 황금빛 초대박 터져서 이름도 못 알림 ㅋㅋ 운도 지지리 없음 겨우 따냈을텐뎅,0
광대 완전 쩔고 얼굴 크고..... 추파춥스 생각남~ 밥차남 보면 남주는 조은데 여주는 얼굴 깸~ 여주친구로 성격 털털하고 입 바른 소리 잘하는 절친역이 딱~ 맞다 봄!!!,0
이지적인 느낌이 있어요..차분해보이고 멋져보여요 ^^ 연기자로서 대성하세요~~,0
예뻐지긴 했지만...,0
소녀시대도 해체되는건가 ?,0
얼굴은 이쁘긴한데 가슴이 너무없다.....,1
윤아 보다 못함 서현보단 잘함 유리랑 비슷,1
소시는 태연말고 팬이없나봐 십년넘게 버스탄거 다드러나네 소원들 댓글좀달아봐 ㅋㅋ원탑아이돌그룹이었는데 베플들 실호ㅏ???ㅋㅋㅋㅋ회사나오니까 옹호댓글들이안보여,1
지들 앞가림도 못하면서 남의 외모 비하ㅋㅋㅋㅋㅋㅋㅋㅋ인간들 수준 오졌고 부모님이 그르케 가르치던? 인성 굳이 안쟤봐도 밑바닥인거 보이네,2
각선미 하난 걸그룹 탑이지.,0
첫 사진은 나나랑 비슷하네,0
이쁘긴 이쁜디.. 사진이 먼가 수지스럽네?,0
괜찮네요 이미지가^^,0
소녀시대해체함?,0
적당히 까질 해라. 이쁘고만. 연기도 그럭저럭. 견제하는거야?,1
20~30대분들 질투 마니 나시나봐요누군 10대부터 지금까지 수십억 모아서 행복하게 사는데 본인은 한달벌고 한달탕진하는 인생이니까... 님들도 행복해져서 악플안쓰는 삶 살도록 기도할게요,1
30대 아지매들 댓글비율 보소 ㅋㅋㅋㅋㅋㅋㅋㅋㅋ 악플달시간에 애나 보슈~,1
연기는 괜찮음...,0
너무 이뻐요~^^,0
이뻐졌음 ~~~,0
오미친 존예,0
이쁘구먼 여적여는 ㅠㅠ 이런얼굴 수십년째 살면서 못봤는뎅 ㅋㅋㅋㅋ,0
괜찮은데,0
디지털 익사이팅 애니콜~~!!!,0
배우니까 분위기는 체인지한 모양,0
그동안 윤아 땜에 못생긴 컨셉한 건가??? 되게 예뻐졌네 금새,0
사실 눈 코 입 따로 보면 다 괜찮고 모난 구석이 없는데 딱히 이뻐보이지는 않음 그래도 연기잘하고 매력있음,0
여배우는 여덕이 필요가 없다니까. 다 저부류있잖아 말안해도 알잖아. 남자들은 죄다 안이쁘다는데 동정심 발동하거나 동질감 생겨서 여자들이 이뻐요~ 하는부류 지금 머리속에 한 3명 떠오를거야. 오래가디? 결국 오래가는건 주소비층 남자들이 이쁘다고 하는 여배우만 살아남는다고. 그래야 광고주가 섭외를하고 감독도 계속찾고 수요가 계속 있으니까. 연예계는 선례가 몇백개라 매뉴얼이여. 이런애들은 그냥 빠순이와 소속사 자본빨로 잠깐 땡겨쓰는거라 그 지원 끊기는 순간 사라져. 이 예측시스템을”그분들 판독기”라 부르는거다. 3년후에 봐라 정확하니까,1
그래도 수영이 뭔가 매력있음 엠씨할 때 보면 센스도 있는거같고.. 엠씨볼때가 젤 이쁘더라,0
첨엔 별로였는데 볼수록 끼가 많은 사람 같다,0
더 이뻐진거 같다.sm에서 잘 나온것같다,0
우리 종현이가 죽었는데 아직도 이지랄을 하냐..,2
"깽상도년이 방송가에서 맴돌더니 물주 하나 잡았네,,, 역시 깽상도것답다,,, ㅋㅋㅋ",2
종현오빠 죽었는데 둘은 결국 결혼하네...ㅠㅠ,2
부럽네요. 나도 불과 한달전까진 허니문베이비를 꿈꿨는데 이제 다 부질없네요. 당연히 순결할거라 믿었고 그래서 첫날밤까지 기다려준건데 배신감만 듭니다. 첫날밤 와이프가 피를 안흘렸어요. 처가집식구들이 일부러 절 속였단 생각에 화도나고 신정에 처가집가기로 했는데 안간다고 했더니 혼자 울고 갔다와서 지금까지 한마디도 안해요. 이혼하고 싶네요,1
남친때문에 화가납니다. 전 36살 미모의 여교사 입니다. 남친이랑은 1년 만났고요. 남친은 32살 비정규직이고 3월에 식예정입니다. 남친이 부모님께 받은 3억으로 서울 근교에 20평대 아파트를 사서 시작하기로 했죠. 근데 어의없게도 저한테 예단비를 5천 해오라고 합니다. 제가 교사가 되고나서 방학때마다 여행다니고 명품 좀 사느라 모은 돈이 천만원밖에 없거든요. 사정 뻔히 알면서 무리한 요구를 하네요. 염치도 없이 비정규직으로 일하는 주제에 그리고 집도 겨우 20평대 해오는 주제에 저를 이렇게 푸대접할 수 있죠?이 결혼해야하나요?,1
"이준 태양 전준주 고병식이 유사점이 많네. 전북전주 고병식은 친딸 고준희 죽이고 웃으며 프라모델 올리고 가족여행하고 이웃에 딸생일 미역국 돌리고 경찰서에 ""딸 없으면 못산다"" 눈물쇼했고 오유 루리웹 회원, 5.18폭동을 민주화운동이라고 날조미화홍보, 민주노총 금속노조원, 홍어와 일본술 좋아하고 문재앙 핵대중 뇌물현을 지지했고 박근혜를 욕했다. 특수강간12범 전준주도 전남 강진 출신이고 낸시랭 이용해 장자연시체팔이 좌빨선동과 2조 사기를 쳤다. 이준 태양 2AM도 부모가 전라도이고 박근혜 탄핵 촛불집회하고 5.18폭동을 날조미화함",2
종현 죽은날 결혼발표 잊을수가없다,2
아이돌과 배우 거이 대부분 오래 못가...... 1~2년? 오래가바야?,1
진짜 임신한거같으네,1
요즘 첫날밤 개념이 없어 ㅡㅡ,1
노무현 대통령 돌아가신지 얼마나 됐다고 난리 났구만,1
오래못갈듯..,1
신혼여행안가는건좀아니다,1
너무 부럽네여 태양 돈두 엄청 많을텐데ㅠ 에휴... 남친도 그렇지만 남자들은 이상해.... 지들차에 쓰는 300은 아무렇지도 않게쓰면서 왜 백사주는 150은 아까워하나요?? 남자들에게 차가 자존심이듯이 여자들에게는 백이 자존심이라고요~~,2
태양 개부럽ㅋㅋ 키 개코딱지만한 건 안부러운데 민효린이랑 으흥~,0
얼마나가겠니,1
태양이불쌍 넘아깝속고잇는거임 민씨한테서 머 두리똑같으니까 하겟지..그래도 아깝,1
종현 죽은지 얼마나 됐다고 이런거 올리고십냐,1
결혼은 할수있고 군대는 뒤져도 못가겠지 그치?,1
피로연은 대마 파티,1
교회를 왜 가냐? 예수는 매춘부의 자식이다. 성경은 완전 사기다. 동정 마리아가 아니라 매춘 마리아. 마리아는 로마 병사들에게 마굿간에서 몸을 팔곤 했고 베드로도 마리아와 성관계를 수차례 가졌다. 어디 그뿐인가. 예수는 본인의 아버지를 모른다. 한 마디로 사생아 라고 할수 있다. 자신의 어두운 과거를 덮기 위해 사이비 광신교를 조직했는데 그게 바로 그리스도교다. 베드로에게 생선을 잡아 올리라고 한 구절이 성경에 있는데 그게 바로 일종의 조직 폭력배 입단 테스트 정도로 볼수 있다. 가톨릭이든 개신교든 교회 다니는 자들은 미친 사람들!,2
교회 존나 싫다. 예수 이 새끼도 아비도 모르는 사생아 자식인데 이런 놈을 구세주라고 떠받들다니 한심하다. 차라리 루시퍼가 낫다. 루시퍼는 멋있기라도 하지,2
일부 전라도좌빨에 의한 전라도권력의 국권찬탈 반란일뿐이지. 민주주의가 돨 수 없다. 일부 이적세력에 의한 정권찬탈이 촛불...민주주의 아님...특수학교입주 반대하는 이기주의가 만연한 부끄러운 얼굴이 없어져야 성숙된 민주주의를 얘기할수 있는거...촛불은 절대 민주주의의 상징이 될수없네요. 문슬람 광신도들 좋아하는 꼬라지보소ㅋㅋ 핵대중이 노벨 평화상을 국민 2백만명 학살하고 남북분단시킨 적군 공산독재권력에게 국민 몰래 정경유착으로 혈세 빼돌려바치고 간첩질해서 산거나 아베와 문재앙이 세계시민상 받은 거나,2
난 키 188인데ㅋㅋ 내가 압살,1
민효린이 아깝다.태양 못생김.,1
속도위반인가요?? 자식 키는 160 이하겠지,1
기사가 나온 이상 비공개가 아닌데;;;,1
예수쟁이 년놈들 극혐,2
땅다리커플 축하해~~ 그럼 2세도 땅다리인가?,1
효린이 씨스타 나오고 이뻐졌네..얼굴에 손댔나?,1
기독교나만개혐이냐?예수믿으세요~ㅇㅈㄹ,2
태양 돈이나 많치 남자로선 전혀 매력 없더만 ㅡㅡ,1
진짜 악플아닌데 혹시 조용히지내다가애기생기는거면 미리공개가 나은듯 너네커플은 진짜 거짓말은싫다,2
민효린의 진실을 알면.. 태양이 불쌍한거지 뭐,1
여자는 귀에 꽃을 꼽아야 한다는 이미지. 이런 사진 여혐아닌가요? 이거 저만 불편한가요? 민효린 혐자 재기해,2
교회 돈 많이 벌었겠네요ㅋ다들 벌써 결혼할 나이들이네요넘 일찍가는거 아닌지ㅋ태양과 결혼하니 땡 잡았네요ㅎ,0
하필 식장이 개독 ㅠㅠ,2
헤어졌다고 하지 않았나요 그런데 다시만나서 결혼 소식 전하는건가요,0
어쩌라고,0
민효린이 아깝다.,0
뽕쟁이가 교회라니 돈을 얼마나쳐발랏냐 이건 전국 기독교인들에 대한 모욕이다,2
개독이었어?,2
임신했나좌 이렇게 서두르는거 보면,1
헉.파라다이스가 협찬했구나.요즘 동남아 안가고 파라다이스에서 여가 즐기는 강남족들이 많다던데,2
교회나 성당에서 결혼하면 비용 엄청 저렴하겠네..,0
태양 결혼식때 비가 올까?,0
군대나가라,1
그럼 팬들은 못들어가나요 ? 가고싶은데,1
교회는열심히 다니구교회에서 결혼식하냐??,1
탑도 오나요??,0
빅뱅 노래가사는 성경 말씀에 위배되는 노랜데 감히 저런 아이가 교회에서 결혼을 해?,2
155도 결혼가능,0
태양 키 정도면 군대 면제아니냐,2
태양이 다니는교회목사는좋겠다십일조로 연봉 2억이상 확보했으니,2
태양 키 158 진짜인가... 지드래곤 실제키 168 정도라는데 지드래곤보다 10센치정도 작아보이긴하던데,0
교회를 왜 가냐? 예수는 매춘부의 자식이다. 성경은 완전 사기다. 동정 마리아가 아니라 매춘 마리아. 마리아는 로마 병사들에게 마굿간에서 몸을 팔곤 했고 베드로도 마리아와 성관계를 수차례 가졌다. 어디 그뿐인가. 예수는 본인의 아버지를 모른다. 한 마디로 사생아 라고 할수 있다. 자신의 어두운 과거를 덮기 위해 사이비 광신교를 조직했는데 그게 바로 그리스도교다. 베드로에게 생선을 잡아 올리라고 한 구절이 성경에 있는데 그게 바로 일종의 조직 폭력배 입단 테스트 정도로 볼수 있다. 가톨릭이든 개신교든 교회 다니는 자들은 미친 사람들!,2
"동영배는 마약살인그룹 빅뱅의 멤버다. 이 양아치는 난쟁이 똥자루 키가 콤플렉스라 커보이려고 딴따라예명을 거대한 '태양'이라고 지었다. 양아치똥자루 동영배가 숭배하는 사이비종교 구원파의 교주 이복칠(가명 이요한)은 전남 목포 출신 홍어다. 똥자루 태양은 전라도 구원파 신도답게 6.25북괴공산군의 잔당인 전라도가 북괴군부독재 지휘하에 대한민국 전복하고 북괴간첩 김대중을 권좌에 앉혀 한국민의 주권을 빼앗고자 한국민을 학살한 5.18종북폭동을 날조찬양했다. 구원파 JYP팬 전라도가 박수치는 이유는 전준주=태양, 낸시랭=민효린 포지션이기때문",2
있는 사람이 결혼식 더 저렴하게 한다. 김치들은 보고 배우자. 결혼생활하는데에만 돈쓸때가 한두군데가 아닌데.,1
민효린 생일 2일 전이네!!!!,0
근데 태양 군복무기간 동안 민효린 혼자 뭐함? 개처럼 2년동안 집지키나?,2
아 난 언제 민효린같은 여자 만나냐,1
속도위반,1
태양 키 몇임? 한 158되보이던데,1
전라도는 한국을 욕하는 지역감정을 가지고있다. 전라도는 항일신라에 응징당한 전방후원분cis-AB왜구노비후손이자 한국군에 응징당한 6.25중국공산군 잔당이라서 갖은 피해의식과 패권욕으로 한국에 적개심 품고 경상서울충청간에 이간질하는 지역감정을 하고있다. 박근혜를 모함해서 지지한 지역을 욕하고 전국지역분열시켜 한국패망시키고 홍어식민지화한다. 지역감정마라 타령이 전라도가 전국을 지역분열시키는 종북반란 지역감정이고 전라도 혐오는 전국이 지역화합하고 나라지키는 공동유대이다. 그러므로 한국이 전라도를 욕하는 건 민주화합의국민감정이다.,2
군대갓다와서 결혼하지 효린불씽타,0
진짜사랑이넹ㅋ 하긴 광고하고가면 카메라 다따라붙으니까 불시에 가겠지~민효린 인물이 아깝기하다ㅠ,0
키작남 ♡ 모델커플인가? 같은 키작남으로써 격하게 응원한다ㅠㅠ,0
"교회 오빠 동생이였구나... 어느 교회 인지 모르지만, 수입 짭짤하겠네... 목사 아들은 성금으로 술마시러가고 세금도 안내고, 좋은 그림이다.",0
이번 앨범 비참할 정도로 쫄딱 망한 이유가 노래는 민효린 헌정곡에 가사도 민효린을 위한거에 앨범표지는 민효린이랑 커플 대기화면 아무리 팬이라도 이런거 사고 싶겠냐 현재 댓글수 보면 알겠지만 결혼발표까지해서 대거 탈덕했을꺼다,0
난 개독이싫다 교회들봐라 샹그릴에 200억이상 건물에,2
민효린 양 나한테 태양 군대간사이의 나랑 즐겨요,0
관심없음!!,0
솔까 태양보단 내가낫지않냐 출구없는매력의 대명사가 바로 난데;; 민효린 눈이좀 낮네ㅎ,1
군대는 키작아서 면제인가?,1
군대 안가기만 해봐라.,1
축의금은 어려운곳에 기부할거 아니면 유난 떨지 마라 국민들 허탈감 든다,1
민효린 과거알고 결혼하는거겠지?,1
아들낳으면 키 어떡하냐,2
아직도 원시신화쟁이냐? 강조해서 기사내는 이유가 뭐꼬? 챙피한 줄도 모르고?,2
2월3일 내생일인뎈ㅋㅋㅋㅌㅋㅋ,0
태양 로또 맞았구나~부럽,0
요즘 순진한 남자들이 많아서 노파심에서 몇마디만 할게요. 결혼할만큼 이여자다 싶으면 꼭 산부인과 들러서 초산여부 순결여부 확인하세요. 간단히 자궁경부암 검사만 해도 다 알수있어요. 결혼하면 부딪히는게 한두가지가 아닌데 와이프에게 내가 첫남자라는 자부심은 평생갑니다. 남이 올라탔던 중고차 새차로 속아사지말길..,2
얘욕하는거 이준팬들이라던데 ㅋㅋ,1
니가 나말고 다른 여자 만나는게 기만이야!,1
팬들이 또라인가보네 그럼 연애안해? 결혼못하는거야? 니네가 팬하면 사생활도 없어야 되는거야? 완전 정신병자 집단이지 그게 무슨 팬이야,2
"앰블랙 팬카페 회원인데, 지오씨가 저희들을 직접적으로 기만했다는 얘기가 아닙니다. 적어도 저희들이 관심과 사랑을 받고 사는 입장이라면,열애사실을 공개적으로 밝히고 했어야 한다는거죠. 길게는 5년 이상인 팬들도 있는데 저희들은 그럼 뭔가요? 그냥 팬심만 이용하신겁니까? 이건 아니라고 봅니다. 암튼 다들 지오씨 활동에 대해 앞으로 부정적인 시선을 취할듯 한데, 당분간 자중하셔야 할듯해요. 그래도 4년간 팬으로서 말씀드립니다.",1
아랫분 중고딩 빠순이 나이가 어려보이나요? 유관순열사 사망 당시 나이가 16살이었음 중힉교 3학년,0
빠순이들 특징 자기가 빠져있는 연예인이 지랑 연애하는듯이 결혼하는듯이 큰 착각에 빠져있음 ㅇㅈ? 그러니 팬기만이니 뭐니 ㅈㄹ하지 연애하는게 팬 기만하는거냐?,2
하여튼 극성 빠순이뇬들이 문제지. ㅂ숸년들,2
팬=돈인데 돈을 기만하겠냐?,1
우리 강다넬은 연애 절대 금지,1
문재인씨 임종석씨 김대중씨 노무현씨 박지원씨 이자들은 대한민국의 종북매국노세력들입니다. 이자들은 박근혜대통령을 부당 선동탄핵시킨 종북좌파매국노이며 즉시 이자들을 구속 수사하십시오,2
뭐라 할 팬들이 있긴 있음? 앰블랙은 이준밖에 생각 안 나네 나머지는 들러리?,1
내가 쏟은시간 다 돌려내,1
엠블랙 지오 예전에 복면가왕 나와서 3곡불렀는데 진짜 지리더린...심사위원들 기립박수 확실히 가창력은 아이돌 탑급,0
연예인이 지들 남친인 줄 아나? 팬들 왜 저래,1
글 읽어보니까 참 못났다 못났어...너무 생각이 많은 사람인듯...;;;;;,1
결국 장문의개소리한거네. 요즘팬들이 지식수준높다.나름 사회경험도 니들보다 많고. 노래하고춤만추는 너네들이랑은 다르지. 결국얘도 문돼지과네.,1
기만했어도 전 당신의팬입니다. 앞으로자숙하시길 응원합니다~,0
"사적인 모든 부분들까지 서로 인정할 수 있어야 성립되는 관계가 아니라고 생각합니다...라고 하셨는데 그런 부분까지 인정하는 것이 진정 팬입니다. 팬들 무서워서 연애못하고 결혼 못하고 그러지마시고, 진정 당신의 행복을 빌어주는 팬들만 생각하세요.",0
괜찮아요 팬 없으셔서!^^,0
솔직하네 강한사람인듯 응원합니다!,0
무슨 기만이냐 .... 이성민 미만 잡이니까 지오씨는 행복하시길 ...,0
광적인 팬들 보면 노답임 진짜. 집착하는건 니네 집 개한테나 집착해. 뭔 연예인을 소유하려고 들어? 병원 좀 가봐라 제발,2
팬들 좀 소름돋는다 연애도 결혼도 하지 말라는건가? 왜? 무슨 이유로? 연예인이 장난감이냐?!그만 좀 정신 차리길...정신병임 그 정도면. 연예인과 현실연애중이신가?왜 연애랑 결혼하면 배신때렸다그러는거야 징그럽게,2
이게기만임,1
지들은 연애하면서 지들이 좋아하는 스타는 연애하지말라는 심보는 뭐야,1
비 통수 맞은 아이들...,1
유사연애충들 ㅉㅉ,1
니 나이에 무슨 팬이냐,1
지오가 누군지몰라서 연애하는지도 몰랐음 ㅠㅋㅋ행복하세요~!,0
아니 아이들아 알지도못하면 그냥 짜져있어 재대로 알고나 말하던지,1
쯧쯧 그자리에 니 힘으로 올라간것 같지...아니다 팬이 있었기 때문이야그게 그렇게 억울하면 그냥 한여자의 남자로만 살아,1
여잔 진심 누군지 이번에 첨 알았고 지오 팬이있긴하냐? 엠블랙 그리 인기있었던그룹도 아니었는데ㅋ?,1
팬이있어요?,1
행복이랜다ㅋㅋㅋㅋ 사랑꾼코스프레 자체가 팬 생각 안한 경솔한 행동인데ㅋㅋ 멍청해서 그런거임 진짜 똑똑하고 개념있으면 저렇게 구구절절 사랑하고 행복합니다~ 안하지 ㅋㅋㅋ 조용히 연애하고 본인 피드해준 팬들에 감사하면서 살아야지ㅋㅋㅋ 너가 어떻게 그 자리까지 갔는지 잊지 마라 ㅋㅋㅋ 적어도 팬들이 기분 나빴으면 팬 기만 맞는거야 ㅋㅋ,2
"팬들이 지오한테 화난 이유는 그동안 팬들이 열심히 음원사이트 별로 스트리밍 돌리고,음반 사고,굿즈 사고, 콘서트,뮤지컬 공연 보러 가고, 음악방송 응원하러 가기 등등 여러가지 활동을 오로지 엠.블.랙을 위해서 해서 엠블랙이 높은 위치에 서 있도록 하기위해 열심히 도와줬다고 생각합니다.그러나 지오는 자신이 원하는 위치에 서지 못했다는 이유로 지금 서있는 위치를 기만해서 팬들이 화가 난 것입니다.지오는 어제 공식카페에 팬들이 이미 알고 있는 사실을 정리해서 다시 올려준 것 뿐이지 사과를 하지 않아서 팬들의 화가 가라앉지 않은 것입니다",2
글 하나로 사람들이 왔다갔다하는구나 저렇게 써도 뭐가 진짠지 하나도 모르겠고 이해도 안가,1
기만할 팬도 없는거 같은데...,1
머여 빠수니 빠돌이들아니면 정상적인 일반인들은 알지도 못할 이 듣보들은 누구여..ㅡㅡ,1
어떻게 그럴수가 있냐 지코에 가려져 있다가 티비에서 설정땜에 띄워준걸로 인기얻자마자 자기 능력인마냥 바로 우릴배신하고..,1
니가 무슨 팬이 있냐..,1
엠블랙도 참 니들 스승 발톱 떼 만도 못한정도니 비도 포기했지,1
ㅋㅋ평생 혼자살줄알았냐?팬질도 어지간히들해라,1
야 너도 율희처럼 임신이냐?,1
관심도 없는거ㅋㅋ하던가말던가,1
난 잘모르겠는데 쟤들은 팬들애인인척하면서 돈뽑는 아이돌이기때문에 연애에 예민한거같은뎅 욕먹는이유모르겠지만 날 돈벌게하던이가 섭섭하다면 사과할일이맞긴하지 그간 돈쓰고시간쓰고한사람들 입장에서 섭섭하다는데 왜 평소관심도없던 사람들이 다들 한소리하지?,1
얘랑 성민이랑 팬들 기만하는게 수준급이네 뭐때문인지도 모르는거같네,1
사귀든지 말든지. 근데 있지도 않은 팬을 후려치네ㅋㅋㅋㅋ,1
멋지다 최고 힘내요..... ☝✌✊♨♨♨❌❌❌,0
얘는 뭔 연애한번 이렇게 요란하게 하냐.그만 설치시지?! 듣보잡 ㅋ,1
지오 가창력은 진짜 국보급,0
응꺼져,1
연예인에 그닥 관심은 없지만 어린애들이 진짜 본인 노래가 너무 좋아서 그렇게 따라다니는거라고 생각하시는건가..여러 이유가 있겠지만 아이돌이 그런건 아닌거같은데.,1
사진에 여자 예쁘다,0
하루에 10번 이상 눈 마주치면 이건 관심있다고 봐도 되는거냐?,0
시밯얘가뭔대기사자꾸써제끼날이런듣보잡녛놈들기사좀써제끼지마라,2
황구 해라 그런가 새해부터들 발정 나서 난리들이냐,1
지오 멋지다 남자다,0
앰블랙 콧털 팬이 있긴있냐??,1
누군지는 모르겠는데 연예인 연애한다고 지랄발광하는 빠순이들 보면 언쓰러움 ㅎ,1
나이가 몇인데 연애한다고 기만이니 망각이니 이딴 소리가 나와?? 무슨 연예인이 지들 종속이야 뭐야.. 냅둬 사생활에 왜 남들이 뭐라해..,1
엠블랙 한때 대단했지 회사가 그룹을 망친케이스 지오 인성 좋은듯 샤이니 종현 장례식때도 엠블랙 대표도 갔다왔다던데 종현하고 친했은듯,0
부인은 땡잡은사람이다 지오 예전부터도 느꼈지만 좋은사람 좋은남자다,0
미안한데 누군지 모르겠다 내가 늬들 연애사를 왜 네이버에서 봐야되는지도 모르겠고,0
팬이 있었구나;;,0
엠블랙 수염 아님? 얘가 팬이나 있냐,1
팬있어?? 몰랐어 ㅋㅋㅋㅋㅋ,1
웃긴게 그럼 연예인들은 팬들 기만 안할려면 연애도 결혼도 하면 안되냐,1
팬이 있나...?,1
근데왜 연예인들 소신글 보면 하나같이 같은문체에 나이가 몇살이던 글에서 아저씨가 냄새가나냐??? 도대체?? 공부도 제대로 못하고 연습생신분으로 십수년보내고 했는데 신기하게 맞춤법하나 틀리는일 없고 게다가 띄어쓰기까지 완벽... 누가 설명좀???,2
근데 팬이 있긴한가?,1
에로배우중에 지오라고 있었는데..까무잡잡한게 굉장히 섹시했던 기억이...,0
지오 멋있는듯 생각깊고 진정성있다,0
토닥토닥~설령 남탓을 했다해도 그땐 지오씨도 아직 어렸지않을까싶네요.다들 힘들땐 남탓도 하는법...이젠 모두 행복하길~*서로 응원해주는 대한민국이 되길 바래봅니다,0
여자이뿌긴하네 ㅋㅋㅋㅋ,0
연예인은 연애도 하지 말란거냐 여기에 기만이 왜나와ㅋㅋ,0
저런 여자랑 하면 작살나겠지?,0
최예슬이누군데..!?지오는또 누구라..엠블랙이 그리인기있었나ㅡㅡ둘이누군지도 몰랐는데ㅡㅡ,1
뢰임 폭격 한번 하겠습니다. 에요 지오피 가 바램이었던 지오다노 청바지를 입은 지오가 푸르지오 아파트에서 지오디 노랠 듣고 있네!,1
한국여자들도 군대 좀 보내주세요...여자들은 장애인이 아닙니다...언제까지 한국남자들한테 빌붙어 살수없습니다...여자들도 주체적으로 국방의무를 이행할수있게 해주세요...Girls do not need a prince! Me Too,2
어차피 누근지도모르는데 걱정안해도될거같은데?,0
엠블랙해체하지 않았나 연애도 못하냥 헐,0
ㅋㅋㅋ풉ㅋㅋㅋㅋㅋㅋㅋ조용히좀살아요,0
좋아하는 스타가 연애하면 탈덕?ㅋㅋㅋㅋㅋ그럼 지들이랑 연애할 줄 알았낰ㅋㅋㅋㅋ,1
댓글이없어..,1
그 팬 기만이라고 주장하는것들 분명 사생팬이겠지?,1
연예인은 평생 혼자 살아야 하는건가.....평소에 관심도 없던 사람들이 이제와서 팬이랍시고 욕하는거 이해안됨. 연예인이기 전에 저사람들도 남자고 여잔데 축하해주기 싫으면 가만히라도 있지,2
뭔 기만? 아니 본인들이 서로 좋아서 연애하고 결혼한다는데 그게 무슨 팬을 기만한거야? 극성이다 진짜 ㅡㅡ 좋아했다 뿐이지 팬과 연예이는 엄연히 남남이거든? 하여간 빠순이들이 문제야,2
170910 인스타에 요즘 행복하다고 글 올리고 거기다가 최예슬씨는 앙기모띠라고 댓글 다셨죠? 이게 팬 기만이지 뭐예요?,2
지들이 좋아서 돈써놓고 이제와서 사생활 간섭질 ㅋㅋㅋㅋ 결혼하면 팬 기만하는거라고 누가그래? 니들이 연예인이랑 결혼하려고 팬질하냐 주제도 모르는게 ㅋㅋㅋㅋㅋㅋㅋㅋㅋㅋ,2
너라는 연예인에 일종에 투자를 한게 팬의 개념이란다..^^ 그러면 적어도 관리는 제대로 해야되지 않겠니... ㅋㅋㅋ 사귀는건 문제없는데 저렇게 티내도 될일? ㅋㅋㅋ 아무리 팬이 호구라지만 진짜 최소한의 배려도 없었던거임ㅋㅋ,2
아오 우리 다니엘 오빠껀데 ㅡㅡ 웬 듣보가,1
그자리 안어울려 웃기만하고 사람만좋아보일뿐 자꾸 예능 왜나와 신과함께 봤는데 향기보다도 연기 별로던데 호감이미지만 있을뿐 배우면 배우답게 폭넓은 연기하길바래 폭넓은 예능만 하지말고 오죽하면 신과함께 김동욱이 연기 살렸다 잘했단 말이나오냐 배우로써는 창피한줄알아라 친구 장혁씨보면 답나오지않나,1
"김구라로 인한 독기를 순화하기 위한 포석. 윤종신은 김구라에 끌려가고 있고, 김국진은 마이웨이 이미지라 김구라가 라스에서 독보적인 캐릭터로 자리 매김. 하지만 과거와 캐릭터가 너무 강해 시청자 반발이 있음. 이를 순화시킬 인물로 차태현은 적합.",0
그래서 김생민한테 사과는하셨나요,0
워너원 멤버중 한명 추천해요~강다니엘~♡,0
꺼져 그자리는 S꺼,1
얼굴만봐도 싫다,2
차태현이 오래만 갈 수 있다면 적임자기 짬에서 나오는 바이브가 있잖아,0
김구라 아저씨는 왜 위안부할머님들을 창녀라고 비유해서 큰 죄를 지어놓고도 그 더러운입으로 계속 남을 욕하며 돈벌 생각을 하는지요? 당신은 정말 소름돋고요 진심으로 잔인한 인간이네요 왜 당신의 죄를 당신이 판단하나요? 혼난 사람이 더 잘한다 라니요? 그런 이기적인 말 그냥 쉽게 당신이 할 말이 전혀 아니예요 당신이 아주 더럽게 남들을 아프게 하며 번돈으로 숨쉬고 입고 먹고 하는 것들이 다 검게 썩은 것들 이었으면 하네요,2
니들 좋아하는 문재인 앉혀야 시애미질 그만할래?,2
전지현은 게스트로 안 나옴?,1
"태현오빠 웃는 모습이 너무 조아요 늘 드라마,영화 다 잼나게 보고 잇어요",0
넘 좋아요!!!,0
태현이 조하~,0
이윤지 쟤는 말을 저따구로 한데 무슨 아이돌자리야 어이털리네ㅡㅡ,2
차태현정도면 괜찮아.좋아,0
"차태현씨!!잘되는프로그램에맨날숫가락만올려 그것도연기자가..굉장히계산적으로보여요1박2일,라디오스타.",1
구라 독설도 녹이는 재주가 차태현에게 있는 것 같아서 좋았음,0
이제 김구라는 빼는걸로..라스의 품격을 위해..,1
싱싱하고 보기만해도 충전되는 어린 남자 아이돌을 데려와야지. 보기만해도 마늘 삼겹살 소주 냄새나는 노땅 아재를...에휴..,2
규현 이후에 제일 적합한 mc가 차태현인듯^^,0
해병대 출신 차태현이 종국이 보다 위대하다,0
ㅈㄴ 노잼인데 아오 짜증난다,1
차태현 별로,1
나는 대찬성이오.,0
차태현 배우님 응원합니다!다음주부터 라디오스타 한번도 빠지지 않고 봐야겠네요!,0
지난번에 게스트로 나왔던 손동운 괜찮던데... 이미지 소모가 많이 안되어 있어서 신선한느낌이던데.... 아깝네요,0
너무다비호감이라 호감끼운듯....차태현있으면서 왠지 뭔가 기대하게됨,0
그래서 군대얘기좀 해명하시죠 나올때마다 개비호감ㅡㅡ,2
규현이 언제 재치있게 받아치고 톡톡 쏘는 스타일이었죠ㅋㅋㅋ?? 밋밋하고 맥아리없는 스타일 아닌가,0
차태현이 있으니 확실히 안정적이넹ㅎ 완전호감,0
김구라씨는 언제 짤리나요?보고싶어도 한명때문에...동상이몽도 마찬가지고,1
잠깐만 그럼 정환이형은 뭐함??ㅠㅠ,1
라스MC하려면..1박2일은 하차해야...그게 상도덕에 맞다.,0
차씨 애새기들좀 티비그만좀나와 글구 쳐웃기만하다가는거 부끄럽지도않냐,1
차태현 좋아하는데.... 라스는 김구라 보기싫어서 안보는데 이제 봐야하나..,0
그럼 규현은 이대로 아웃이에요??ㅠ,0
긍정적이고 선한 마음이 얼굴이나 웃음에서 느껴져서 보면 절로 미소가 지어지는 배우...투명해서 속이 환히 다 비치는 배우..늘 응원합니다..,0
공익적폐아이돌 규현은 알아서 빠지길 ㅋㅋㅋㅋㅋ,0
안티없는 연예인 이하생략.,0
차태현 너무 좋와요 라스챙겨봐야겠네요 ㅋㅋ,0
성규 괜찮았는데ㅠ,0
신정환 빨리 불러라,0
차태현 완전 호감이지 ㅎㅎㅎㅎ굿,0
궂이 차태현을 넣넹.. 신예 캐릭터 한명 넣어서 먹여살려주지 ;; 영화찍는다고 때려칠텐데 또,1
규현 올 때는 비켜줬으면 ㅜㅜ 아니면 규현이 그대로 플러스만 돼도 괜찮을 듯,0
이제 김구라만 나가면될듯. 약자한테는 막대하고 스타나 강자한테는 굽신거리는스탈 밥맛,0
신정환 자리인데 ㅠ,0
완전 패착이다. 신선한 인물로 갔어야지. 착한 이미지는 국진이 있는데 겹친다. 구라를 갈구는 캐릭터가 필요했다.,2
30대 아지매들 또 왜불편한데?ㅋㅋㅋ 차태현만큼 드립잘치는 사람이 또있어?,2
저자리에올라가기까지얼마나노력했을꼬,0
차태현 하는것도 없는데 뭔 보기만해도좋아... 그럴거면 걍 사진갖다놔. 신정환 복귀햇는데 신정환 넣지...,1
차라리 딘딘 같은 캐릭터가 더 잘어울린다 차태현은 쫌...,1
차태현 별로다 그냥 김국진이 양옆에 있는 느낌... 신정환 언제 델고 올거야?,1
유세윤이나 김희철 쓰지,1
차태현 완전 좋아!,0
중년들이 인맥과 기득권을 이용해서 젊은 세대를 밀어내는걸 좋게 지켜보란 소린가 연예계부터 제발 자제하자 안그래도 헬조선이다,2
딘딘이랑 양세찬도 좋았음~~ 차태현이 가장 안정적이기는 함~~,0
재치있고 착한 입담이 필요해요 차태현 조와,0
남성이 군대를 안가다니 ㅉㅉ 계집들하고 똑같다는건데. 남성이 여자랑 동급취급 받으면 수치심도 없을까 ㅋㅋ,2
신정환 데려와라,0
신정환이었을때가 제일 재밌었다,0
정말라스가한건했네요너무조아♡,0
"신정환 내심 기대했을 텐데, 졸라 서운해 할 듯",0
일반 아이돌이 앉았을땐 메인 MC 네명에 보조 MC한명처럼 느껴졌었는데 차태현이 앉아있으니까 확실히 그 자리가 무게감 있어보임.,0
아이돌자리라니..ㅋ 신정환자리지..ㅋ,0
라스에 없던 호감이 생기네,0
감칠맛 차태현 ㅋ 좋은수다.,0
고정이었어?? 애는 그냥 이제 개그맨이네..ㅉㅉ,1
차태현님 진짜 좋다요~~,0
라스입장에선 안전빵이지,0
허허 이러면 저자리의 급이 바뀌는데ㅇㅅㅇ 규현이 소집해제해도 다시 저자리 못찾겠는데,1
후배들 키울 생각은 안하고 언제까지 해먹을 생각인지 차태현 개싫 ㅉ,2
라스의 매력이 사라지고있네요....전 구라 종신 국찐 ♥그 자리는 아이돌자리가 맞습니다 여자들이 20대 남자 죠아합니다외모담당은 이제 없는건가 대한민국 어딜가도 ... 담배피고 키작은40대 한남들은 많은데 제발티비에서만큼은 때안묻고 얼굴뽀얀 20대 남자를 보고시 퍼어어요 시청자의 안구도 배려를 해주세요!!!!! 어딜가나 못생기고 얼굴시커멓고 담배피는 남자들 특히 아자씨들 ...너무 인상이 찌푸려집니다 제발아저씨들 담배피고길에 침뱉지마세요 존나 패고싶음,2
차태현 억지웃음 또시작이네 에라이 ~~,1
능글능글 차태현 싫어요,2
"라스에는 착한사람 필요없다. 악동,막장인생 신정환 넣어야한다니까..",0
게스트 얘기에 진심으로 웃어주고 들어주니 그것만으로도 100점만점이예요~ ♡,0
난 차태현 왜 빠는지 도대체 이해가 안된다,1
왠 딘딘? 젤 못하던데 ㅋ 비호감에,1
김구라 너무 재미없다....김구라 매력이 화끈한 입담인데 너무 점잖아졌다...어떤 병신들이 예능을 예능으로 안보고 김구라 욕하는 바람에 그러네...썩을 새끼들 그런게 싫으면 지가 안보면 되지 왜들 욕은 하는지....,1
신과함께 에서 연기력 젤 후달리더라 ㅋㅋㅋㅋㅋㅋㅋㅋㅋㅋㅋㅋㅋㅋㅋㅋ,0
웃음 바이러스 차태현 ᆢ좋아요ᆢᆢ,0
"차태현도 3, 40대들한텐 아이돌이라구!!!ㅋㅋㅋ",0
딘딘도 잘하던데ㅋㅋ차태현도 좋음! 규현이 소집해제하면 어케되는거임?ㅜㅜ,0
진짜남녀노소 다좋아하는몇안되는연예인 태현형님!!!라스피디 일잘했네 ㅋ,0
아이돌이 좋은뎅,0
이제야 품격있는 음악방송됐네,0
악플쓰신분들 pdf다 땃고 와쥐에 보냅니다 조심하세요,0
악플달지좀마. 정신나간것들아. 탑이 니들한테 피해준거 있어?? 탑 앞에 데려다 놓으면 찍소리도 못하는것들이 뒤에서 악플달지?그러면서 한서희 인지 뭔지 마약 공급학서 팔고 자숙기간에 쇼핑몰 모금하고 쇼하는 기집애는 편들더라.탑이 가만히 자숙하고 있으니까 가마니로 보이나~탑은 대마 해서 지몸상하는것뿐이고 악플러들은 탑한테 정신적으로 또 상처주는거다. 이 사회 악 같은 존재들아.,0
기다릴게요:)!❤ T.O.P 화이팅❤,0
젊었을적 한번의실수 누구나 올수있습니다다신그러지않길~~응원합니다 빅뱅의 탑. .,0
탑 정도면 면제해줘도 되는데,0
ㅋㅋㅋㅋㅋㅋㅋ원래 의경에서 미끄러지면 공익가는거임 그때도 말 많아서 경찰청장?인가 누가 브리핑해줬잖아 나도 탑 별론데 이걸로 까는건 좀 무식해보인다 얘들아ㅜ,0
너네들 형동생이라고 생각해봐라 그렇게 욕나오는지,0
저만 다른사람들이 탑 욕하는게 기분이 나쁜지는 잘모르겠는데솔직히 탑이 대마초 핀것을 잘못하지않았다는건 아닌데요 탑도 우울증 걸렸고 그때문에 대마초로 버틴거에요 종현처럼 탑이 자살하면 모든사람들이 동정이라도 해주었을텐데 탑도 우울증 걸렸었다는걸 잊지말아주셨으면좋겠어요지금 군활동 힘든데 열심히 하려고 노력하잖아요,0
휘트니휴스톤이 마약했다고 비난했냐? 극복하고 다시 노래해주길 바랬다. 관용좀 베풀어라,0
YG는 반성하고 탑은 정말 더이상은 실망시키지말고 건강하게 잘치고 와라,0
오빠 다치지말고 무사히 전역하세용❤,0
힘내라 응원한다 ~,0
그래 잘다니고. 와서 5명 꼭모이자. 31일콘서트보러갔는데. 한켠으로 너무 보고싶다 ㅎㅎ,0
탑 오빠앙 반성 많이 하고 있다니까 이만하면 됬습니다. 그만들하세요~ 않그래요?,1
켈리포니아주도 대마 합법주로 바꼈네요 웃긴건 우리나라에선 죄인데 미국이나 네덜란드같은 합법인 나라가면 죄가 아니고 도대체 대마핀 본질적인게 죄야 아니야?그게 죄라면 합법인 나라는?,1
사람 죽인것도 아니고 직접적인 피해를 준것도 아니고 걍 어쩌라는겨.,0
비난 감수해요~당연한거니깐 그래두 기다리는 팬(나포함)있으니 정신차려서 다시봅시다~,0
"빅뱅에서 호감가는애는 태양,승리뿐",0
한국이니까 죄지만 네덜란드였다면 죄가 아닌 일이 대마 ㅋㅋ마약했다고 해서 난 뭔 주사기 사용하는 필로폰이라도 했는줄 알았네 ㅋㅋ 고작 대마로 쥐잡듯 잡는거야?,0
탑아 괜찮아 힘내! 신동엽도 마약하고 잘나가잖아ㅋ 원래 연옌은 마약해야 나중에 예능 나가서도 웃기고 훗날 더 잘나가게 되있어! 지금 힘든거 금방이다~~,0
면제 유아인 이센스는 찬양하면서 의무 이행하겠다는 탑한테 악플다는 것 봐라 ㅋㅋ,0
힘들어서 그럴수도 있지앞으로 그러지 말자,0
법이그런걸 어쩌라고ㅋㅋ 현역 가고싶어도 안된다는데 불만있으시면 병무청에 지랄하시구여 자기 잘못에대해 맞는 대가 치르면 되는거지,0
승현아 악플무시하고 2년뒤에 완전체 음악으로 보답해. 응원할게,0
기다릴게 조심히 다녀와우린 널 기다려 벌 다 받고 와댓글보고 상처받지말고 우리를 생각해❤❤❤❤❤❤❤❤❤❤❤❤❤,0
큰그림 그렸다고 말하는분들 2년 편하자고 돈 명예 다잃고 가족 멤버 팬들한테 상처줬을까요,0
건강이나 잘챙겨라 특히 멘탈 단단해져라,0
약한지 안한지 어떡해 알아요? 부검결과도 안나왔잔아요!!,1
"아니..ㅋ저기 님들아,제가 댓글보고 솔직히 어이없어서 그런데..왜 탑만 욕합니까물론 탑이 잘했다는것은 아닙니다.하지만 한서희라는 사람도 잘못을 했는데 왜 댓글보면 항상 탑을 깎아내리는 댓들들만 있는거죠?한서희는 곧있으면 데뷔합니다.근데 그런 댓글은 1도 없고,왜 탑을 깎아내리는 댓글들만 있는지 참 궁금해서 댓글을 쓴 분들께 물어보고 싶네요 진짜 이런 댓글이 연예인들을 힘들게 하고,그 연예인들을 좋아하는 팬들은 이런 댓글을보고 진짜 마음이 찢어집니다.",1
"성실하게 복무하고 죄책감, 미안한 마음 가져요 꼭 나올거면 그 다음에 나와요 본인이 무슨 행동을 한건지 자각하고 아직 정신적으로 많이 힘들다면 다 괜찮아진 다음에 와요",0
ㅠㅠ남성분들 한남들은 무식하구 가진거라곤 몸뚱아리뿐이라서 ㅋ 군대 갖다오신게 배아프신가보져??ㅋㅋㅋ 꼬우면 연예인해서 유명해지시든가요 ㅎㅠㅠ,1
우리 탑오빠 잘못한거 없거든요빼액!,0
빅뱅팬으로써 정말 탑이 밉다 근데 솔직한 맘으로 탑을 잃고 싶지는 않다 반성 많이하고 멘탈도 건강해지고 몸도 건강해져서 나중에 좋은 모습으로 보자 힘내라 사랑한다,0
아 ㅋㅋ탑이 공익근무하는게 싫으면 ㅋㅋㅋ니네가 민원넣던지 ㅋㅋㅋ사람얼굴보고못할말 뒤에서 찌질하게 타자치고 있냐 ㅋㅋㅋㅋ?,2
정확한 사실이 밝혀지지도 않았는데 임신공격이라니 네이버 악플러들..ㅉㅉ 보나마나 여기서 악플다는것들은 시럽계나온 백수들이겠지?? 탑오빠 눈을감고 귀를막아!! 우리 5대팬덤이 지켜줄께 탑 화이팅!!! -VIPS-,0
2년간 감금당하며 시급 200원에 노예생활 하라는데 나같아도 뺄수있으면 빼지. 80년대90년대 인기연예인중에 제대로 군대 간사람 드물다.,0
캘리포니아는 대마초가 합법화 되었다는데..,0
대마초는 마약아니다.무식한 국민 티내지 말아라....공부 더 하고 와라그래도 탑은 이나라에선 범법자니열나게 반성하시고...,0
처음에 의경간다고 했을때도 꿀빤다는 놈들 천지였는데 지금은 또 공익갈라고 큰그림 그렸단다 탑 잘못했고 평생 죄책감 가지고 살아야되는데 매번 이렇게 기사날때마다 열폭하는놈들은 정말 한심하다,1
탑은 우울증있어서 마약한거임,1
심한 욕설 명예훼손으로 고소합니다,1
탑없는 빅뱅은 싫으다,1
여러분 샤이니 종현이 죽었을때 고인의 명복을 빕니다 했잖아요 아 진짜 탑도 걔랑 똑같은 우울증이라고요 탑이 자살해서 죽었으면 여러분들은 더 나았을것같나요??,2
첨엔 실망도 했고 본인 역시 얼굴을 못들 정도로 창피하겠지만 누군가는 응원하고 있을겁니다 힘내시고 더 좋은 음악으로 보답하길 바랍니다,0
"...발언권이 자유로운 게시판이 아님을 아셔야 할텐데...개개인의 견해는 분명 차이가 있다고 봅니다.빅뱅 활동시절에는 정감있게 다가 온 탑군은 뮤직비디오나 콘서트장에서나 프로정신력이 보였던 아티스트였지요. 지금은 순간의 잘못된 선택에서 하루 아침에 명예가 바닥으로 떨어진 본인마음은 현실을 직감하고 나서야 깨달음을 얻었겠죠. 연예인 직업으로 살면서 체워지지않은 외로움 과 사람들과 차단된 직업병 속에서 목마름을 느꼈을거라 생각하면 이해도됩니다만, 물론 개인차는 있겠지만,한때는 빅뱅의 탑군의 활동무대는 끝내주게 화려하고 멋있었습니다.",0
욕좀 자제해 주세요... 울오빠 상처받아요 ㅜ,0
열심히 해라,0
열심히 살기 바란다~~,0
탑형 화이팅 ㅂㅇㄹ,0
사회복무라도 열심히 하시길,0
최승현 정신차리고 어디에 있던 열심히 남은기간 잘 견디고 돌아와,0
"저기 보내는게 총들고 전방 보내는거 보다 현명한 결정이지. 저런 정신 상태로 총들고 전방 보내면 제가 피아 식별 이나 제대로 하겠냐? 국방의 의무도 정상적인 사고를 가진 사람만 할 수 있는 거다. 아무한태나 총 주면 안된다. 전과자, 중졸 이하는 군대 못간다. 댓글 다는 애들 다 초딩인지",2
우리 탑 대신에 못생긴 한남충들이나 군대 보내세요 빼애액~,2
탑이 잘못한건 맞는데 욕만 꼽아대네 탑은 욕먹고 한서희는 욕 안먹고 진짜 꼬라지 잘 돌아간다 욕할거면 똑같이 욕하던가 한사람 까고 한사람 커버치고 적당히 쳐해야지 지네가 악플 달리면 아무것도 못하는 새끼들이 적당히해 악플러 새끼들아,2
일반인도 대마로 감옥은 안간다... 벌금내고 끝이지,0
남자가 사회생활 하다가 힘들면 필수도 있는거지 ㅈㄴ ㅈㄹ들이네. 남한테 피해준것도 아니고,1
ㅆㅂ 사내가 태어나서 약도 한번 해보는거지 뭘 그런거가지구 우리오빠한테 뭐라구 지적질이야 지적질이,1
궁금햇는데.. 이렇게 됐네요.. 복무 잘 마치시고 좋으 모습으로 만나요~,0
무사히 마치고 돌아와,0
마약 초범은 원래 감옥안간다 연예인이라서 그런게 아니고,1
뽕도 아니고 대마초가지고 왤케 호들갑이야. 일반인도 판매상 아니고는 대마초로 감옥 안가네 이사람들아~,1
마약 쫌 할수도 있즤.. 예술적영감도 얻고.. 이런경험 저런경험도 해뵈야 예술을 하지.. 니들이 재들이 받는 스트레스를 알어 ㅋㅋ 그냥 열심히 군복무하게 닥치고들잇어,2
사람살다보면 누구할거없이 뜻하지않게 잘못도하고실수도하고하네요 충분히 반성하고잘못누윗치고 두번다신 이런일 없도록 최선을다해서 열심히 지금하는생활하세요 충분히 반성하고 나면 팬들도용서해주실거예요 피나는 노력으로 팬들에게 꼭용서받으세요,0
건강하게 잘하고 나와서 꼭 5명이다 한무대에서 보길 바랄께요~화이팅~~,0
탑보다 키작고 돈못버는 남자가 대신 군대가면 되는거 아닌가여??,0
탑 너무 멋있어요~ ㅜ 남자가 대마도 빨수있는거지...,0
특별한 달란트를 받았는데 감사하면서 성실하게 살길^^,0
사회복무용원으로 두려워하지도 서먹해하지도 말고 그냥 내가 일했던 곳과 좀 다르다 인정하고 생각하고 여러가지 사회생활이란게 어떤건지 사람들과 이야기도 많이하면서 즐기면서 성실히 일했으면 합니다. 응원해요!! 탑!! 빅뱅 홧팅!!,0
캘리포니아에서는 마리화나가 합법이다~~,0
Swag넘치는 빅뱅 여윽시 힙합 그자체,0
미국 켈리포니아도 대마 합법으로 바꼈죠 점점 대마 합법화하는 추세인듯,0
힘내라... 뭐 한서희도 잘살아가고 돈 많이 벌던데... 남자로서 응원한다,0
탑을 보기위해 용산구청으로 가야되나??,0
우리 탑오빠 힘내긔! 항상응원해요! 그깟 대마초가 뭐 대수라고 기죽지말고 화이팅^^/,0
아무리 댓글 달아봤자.변하는 거 없다.본인이 바뀌는 수 밖에,0
비방.욕설 자제해주세요,0
남한테 피해 안줬는데 욕하지 좀 말자. 새치기하는 넘들이 더 나쁘다,0
ㅋㅋ 댓글 남자 73퍼 30대 39퍼.. 아재들 사타구니 긁으며 여기 댓글로 부들대지 말고 처자식들이나 챙기소~~,1
힘내요..ㅜㅜ,0
근데 얘도 지가 공익하고싶어서 하는건 아니잖으 대마 걸릴줄은 몰랐겠지,
"팬들도 탑이 잘못한 것을 알고 이 잘못한 걸로는 쉴드 칠 생각이 전혀 없어요. 마약한 탑에게는 비판하는 것이 가능하지만, 그 팬에게는 비난하지 않으셨으면 좋겠습니다. 12년을 좋아하고도 이번일에 배신감을 느껴서 그만좋아해야하나 라는 마음까지 들었는데 사람이 사람좋아하는게 마음대로 되는게 아닌거 아시잖아요.. 탑을 좋아하는 팬들은 잘못이 없어요.",0
다행이다 ^^빨리빅뱅으로 복귀하시길^^,0
사람들에게 상처받지말아라 대중분들에게 사랑을 받았고 자신의 잘못으로 실망도 했으니 욕을 먹어도 어쩔수 없다 10년을 넘게 빅뱅의 맏형으로써 해왔던 모든 일들이 한순간에 무너지는 순간을 봤으니 이젠 정신차리고 반성 많이하고 나중에 몸도 마음도 건강한 모습으로 봤으면 좋겠다 10년을 넘게 좋은 음악으로 팬들과 함께 해준 탑아 수고했고 고생했다 응원하고 있는 팬도 여기 있다고 말해주고싶었다 나쁜 생각하지말고 행복해주라,0
우리 다녤오빠두 마약하구 편하게 공익갔다왔음 좋겠다ㅠㅠ,0
오빠 보고싶어요 이번 빅뱅무대 탑오빠만 없어서 빈자리가 크게 느껴졌어요 노래로 보답해주세요,0
빅뱅은5명 학교생활을 빅뱅노래와 같이했으니까 기다린다 임마,0
빨리 복무마치고 빅뱅 완전체로 당당하게 컴백하기를..... 악플러들 콧대를 눌러줘야된다,0
약한거 잘못입니다~~다만 빅뱅은 보고 싶네요,0
무대에서 탑의 무대장악력 인상 깊었음. 자숙 잘하고 꼭 무대로 돌아오길. 재능이 아까우니깐.,0
복무기간 인정이 왠말이고?!당연히 현역 재배치 혹은 의경 기간 복무를 인정하지 않아야지.,0
3년 가까이 군복무하네,0
기자님 사진 고르면서 잼있었어요? 진짜 치졸한 집단,1
사실상 3년짜리 군생활이네 ㅋㅋ,0
강호동 너무 싫다.,2
정글가면 잃어버린 마산누님이 기다릴수있으니 꼭 가서 상봉하시길ㅋㅋㅋㅋㅋ,1
이경규가 말했죠 강호동 가식쩐다고 방송있을때만 길가다가 아이들에게 이쁘다 어쩐다하는데 방송 없으면 아이들에게 관심1도 안준다고 ㅋㅋ,1
노잼 유재서이나 델꼬가서 특훈좀 시켜라. 호동 성님은 바쁘시다,1
"갈때 가더라도 세금은 내야지,,,, 깽상도것들은 용서해주면 더 악랄해지므로,,, 세무조사해야한다,,, ㅋㅋㅋ",1
김병만까지 왔다갔는데..요즘 흐름으로는 서로 주고 받고 해야되서 강호동도 정글 한번 가야됨.. 가서 조금 차분해져서 오길 바람 ㅋㅋㅋ,0
이경규 강호동 적폐연예인시대 종쳤다 이제,1
PD야 정신 차려!!!! 그 꽥꽥이 나오면 안본다!!!! 시청자 대부분이 동심정일거야!!!!,1
기왕이면 유느님도 같이 나왔으면....,0
유재석은 본인이 mc할때가 제일 빛나고 능력발휘 하고 재미있음 게스트로 나오면 좀 별로임,0
김구라 가도 재미 있을듯,0
강호동씨 정글가면 대박이네요 이경규씨와 섭외하는 이유는 정반대지만 강호동씨도 잘하실것같아요,0
강호동 방송 나와서 하는거보면 완전 폭력적이고 꼰대던데; 그만 좀 띄워줬으면 좋겠음 강식당에서 지 잘못 남한테 떠넘기는거 보고 진짜 속터져 뒤질뻔; 아는형님보니까 카메라 꺼지면 인성 터지는 것 같던데 왜캐 인기있는거야,2
강호동 가면 먹방만 전나게 찍겠지... 아 난 진짜 강호동 하나는 진짜 미스테리해.. 재미 하나도 없던데... 내 개취가 특이한건지.. 참나...,1
"Q.역대 1박2일 출연진들의 범죄명 순서에 알맞는 연예인을 순서대로 써보시오 탈세 - 매니저와특수강간,불법도박 - 군기피 - 성매매 - 간통 - 음주운전",1
호동아!!가쟈!!보고싶다,0
유재석 신동엽이한테 한번 그래 보지 강호동이 동네 쓰레긴 줄 아는 모양,1
호동이형 정법가요~~잘하실거 같음!!,0
정글에 강호동 추성훈 이태곤 마동석 김종국 이렇게 한꺼번에 다 나왔으면 좋겠다,0
맛있는녀석들에서 나오는 뚱보들을 함께 섭외하면 꿀잼일듯하다...,0
강호동유재석 정글에서 재회하면 좋겠다,0
호동이형 요즘 텐션 올라와서 분위기나 시기상 가면 딱 일거같은데ㅋㅋㅋ,0
강호동은 자기거 아니면 안합니다. 돈독 오른 돼지예요.,1
가도 또 이수근 델꼬 가겠지 혼잔 안되거든,1
병만이형이 한끼줍쇼 나왔으니까 기브앤테이크로 호동이형도 정글 가즈아아아,0
런닝맨팀도 데려가 주세요ㅎㅎ,0
호동동동 정글갑시다!!!,0
경규옹도 나왔는데 호동이가 한번 갔다와야지 배고파서 자빠질듯 ㅋㅋㅋ,0
호동형님.. 팬서비스 차원서 한번 가주면 안될까요? ㅋ,0
레전드로 나중이라도 김병만 강호동 이수근 은지원 이승기 데리고가라 김C랑 mc몽 김종민은 갠적으로 싢어해서 ㅠ,2
정글가면 카메라뒤에서 김병만 처 맞을듯,1
유재석도 보고 싶네.,0
저정도 입털었으면 가야되는거 아니냐?,1
청와대에 청원을 해서라도 강호동을 정글로 보내야 한다. 야생호랑이인지 야생고양이인지 판별이 날 듯,1
강호동은 힘든거안하는 사람인데 가겠니? ㅡㅡ;; 1박2일때도 동생들 다 시켰는데,1
맨날 피톤치드니 나무니 꽃이니 노래부르는데 어제는 구름이 이불이라고 떠들더만 ㅋㅋ 한번 정글가서 비맞고 개고생 해봐야 그딴 소리를 안하지,1
근데 강호동은 왜 지도 재미없으면서 재미없는애들 못잡아먹어서안달임,1
유재석이나 섭외해 그새끼 인기떨어져서 하는프로그램도없어 시간많다,1
"강호동 평소 방송보면 가식이 심하긴한데, 어제 한끼에서 그렇게 자연과 교감하고 싶어하던데 이번에 깨끗하게 정글갔다온나 ㅋㅋ",1
1박2일 초창기때도 강호동 밥 못먹얼때 PD들이 엄청 무서웠다고 했는데ㅋㅋ 정글가서 못먹으면ㅋㅋ 어찌 될지ㅋㅋ 야생호랭이로 변신할지 궁금하네,0
개을러서 사냥이나 하것나~~뒹굴거리며 모닥불이나 지키겠지,0
정글 가즈아,0
나피디님과 짜고 신서유기 정글 가다 하면 강호동 빼박임 ㅋㅋㅋ,0
어차피 못먹는거 촬영하고 촬영끝나면 그지역 특산물 실컷 쳐먹을건데 뭐..,1
아마 강호동이 유재석도꼬득이것징 둘다 나옴 개꿀잼,0
유재석이랑 강호동이랑 콤비로 묶어서 정글보내라 그럼 시청률 대박난다ㅋㅋ,0
강호동은 딸도있고 마누라도있는데 정글가서 연락안되면 어쩌려고 거길간다고하겠냐 가지마라,1
병만이도 노잼인데 뭘 또 노잼을 추가시키려고 그러냐.,1
"만날 감나무타령, 피톤치드 타령하면서 정작 진짜 자연은 싫어함.",1
강호동 시끄러워,1
이수근 나영석 같이 갈거 아니면 궂이.... 강호동 재미는 편집의 힘이 큰게 사실이라...,1
강호동 가식 떨지말고 나가서 맷돼지 잡아서 생으로 뜯어먹길,0
깅호동이 정글 게스크 급이냐? 메인인데,0
1박2일때 시베리아 야생호랑이 맨날 외치고 다녔으니 시베리아편 가면 되겟네,1
8개월가지고 언플하네 ㅉㅉ 강호동급으면 채소 3년인 석고대좌해야 출연할까 말까당~,1
강호동같은놈은 지 피곤하고힘든거절대안함 자기위주아니면 안함,1
가긴 싫으시겠지만 가주셨으면 ㅋㅋㅋㅋㅋㅋㅋ,1
강호동이 나갈짬밥은아니지 유재석이 정글가겠냐?,1
탈세 돼지목소리 그만나와,1
강호동이 게스트급은 아니지 않나..번외편으로 나노의 큰그림으로 신서유기팀이 가면 몰라두..,0
유재석이랑 둘이 가서 진검승부 한번 해보장,0
유재석 강호동을 적극 추천합니다.,0
갔다가 또 징징 거리는거 아니냐? 황광희처럼.. 못하겟다고,1
강호동 좀 패널로 출연좀하고 그래라 매인mc만 하려고하지말고,1
피디샛1기가 진상인 듯 이거나 ㅊ 먹어라,1
호동이형 굶어서 촬영중단 되도 시청자는 이해해줄거같다 ㅋㅋㅋㅋㅋㅋ,0
호동이 안가면 국민적 지탄 받을 듯..ㅎㅎㅎ 어제 완전 자승자박.. 자기 무덤 파드만..ㅎㅎ 무지하게 가고 싶어하는거 같던데.. 병만이가 데리고 가면 될 듯.. 뒤에서 경규 수근이가 간지럼 피고..ㅎㅎㅎ 호동이 가면 정말 정글 역대급 시청률 나올 듯..ㅎㅎ,0
강호동이야말로 정법에 어울리는 캐릭인데. 고생시러울거 같으니 버티는모냥,1
강호동 공중파 좀 싫어하는듯 프로 망해서?,0
유재석은 이경규 패널로 활동하는 거 좀 본받아라,1
강호동.유재석 동반출연 가즈아....,0
"그래. .상부상조 하는거고, 보기 좋다",0
피톤치드 한번 맡으러 정글 가야죠?,0
저정도로 오라고 하면 그래도 1번쯤 가지 않을까요...?저정도 했는데 안 가면 그것도 이상함 ㅋ,0
경쟁시간대 예능 프로그램 아니면 서로서로 도와주는 것도 나쁘지 않아보이는데...물론 경쟁시간대 같이 방송하고 있는 자사PD에게 조금 눈치보이겠지만^^;;,0
강호돈 정글갈때 비행기타고 갈듯ㅋㅋㅋ,0
강호동형님 정글에서 뵈어요. ^^,0
1박 1기멤버 다 데리고 정글 가면 재밌겠다 승기도 제대했으니 ㅋㅋㅋ,0
유재석도 정법에서 봤으면~~~ 굶주린 모습 완전 처량할듯 ㅋ,0
박명수도 섭외해봐요. 시청률 대박 나올듯ㅋ,0
무한도전팀 단체로 보내라,0
힘자랑하는놈 힘약한 수근이에게 힘으로 압력하는인간 힘든것 실어하는 힘자랑하는인간,1
강식당 끝났으니 정글로 고고고,0
한번가자~~!!!ㅋ,0
강호동가면 리더십 짱이니까 잘하겠지,0
강호동 정글 가면 일단은 시청률 5프로이상은 올릴거같음ㅋ,0
정글 다 좋은데 단점하나.잘살고 있는 야생동물 제발 잡아먹지마라.그것도 엄연히 생태계파괴다.고기 뭐 이런거 다떠나서 굳이 음식을 현지에서 잡아먹어야겠냐?먹을게 이렇게 넘치고 음식물쓰레기도 사회적 문제인데말야.게다가 기생충감염등도 생각하셔야지.,0
감나무가 없어서 못갈거 같은데요.,0
강호동 당뇨 있는데 정글에서 굶으면 그건 치명적인데..,0
개웃곀ㅋㅋㅋㅋㅋ뭔가 레전드 찍을듯...,0
호동이형도 정법한번 생존하시는거 한번보고싶은데,0
거기보다 도시어부에 가라,0
강호동 유재석 김종국 꿀잼일텐데,0
재밌겄는데ㅋㅋㅋㅋㅋ,0
이정도로했음 좀 나와라.,0
병헌 성님은 나이 들수록 잘생겨지노,0
"여기 이병헌 욕하는 맘충들아. 니네남편들도 니들몰래 유흥업소 가고 그런다. 즉 , 똑같은 사람이란거다. 한마디로 멍청하고 순진해서 속고사는 거니 니들이 이병헌한테 하는 욕은 내로남불이란것 ㅋㅋㅋ",1
시어머니질좀 그만해 이병헌 연기 방구석에서 볼 수있다는거에 감사해라,1
연예인은 이미지관리가 제일 중한듯.. 그래도 연기하나는 끝내 주잖아!! 그리고 잘생겼고..사실 인간성도 좋았는데.. 어쩌다 꽃뱀같은 애들 미끼에 걸려 힘겹게 사는지...,1
병헌님의 연기를 지원합니다. 화이팅! 배우로 최고,0
상폐년들 단체로 부들거리고 있네 ㅋㅋㅋㅋㅋ,2
여기 댓글 다는 사람들 참 안타깝다///맛도 안보고 맛 없는 음식이라 하면 그게 정상인가?///왜 미리 설레발인지,0
병헌갓 연기력을 믿어보자ㄹㅇ;; 이병헌 연기력은 다들 인정하잖아ㅋㅋ,0
어차피 볼거면서 염병 고마해라.니들이 안 보면 망하는줄 아는데 착각하지마 찐따들아 ㅋㅋ,0
아버지빚갚느라 고생많이 하신걸로 알고있습니다. 힘내세요 병헌님,0
딱좋은 나이차네요 일본에선 보편화 되었음,0
기대된다 이병헌은 나이들어도 점점 더 멋있어지고있다 김태리와 잘어울릴것같다,0
또 까이네 ㅋㅋㅋ 보고나면 역시 갓병헌이러것지???? ㅋㅋㅋㅋㅋ,1
여자가 식욕이면 남잔 성욕입니다. 자기들은 식욕못참아서 매번 다이어트 실패하면서 남자가 집밥질려서 가끔 외식하는것도 질투하고 울고.. 막말로 이병헌이 가정을 버렸나요? 밖에서 애를 낳아왔나요? 남편이 자기만 품어주길 바라는 이기심.. 이래서 여자는 친정교육이 중요해요.,1
내 와이프도 20살 어리다. 정확히는 20년 6개월... 와이프 집안이 우리집 보다 돈이 더 많아... 20살 어리면 죄다 좋을 것 같지? 세상의 모든 것은 장단점이 있다... 베댓 보니까 왜 20살 차이가 욕을 먹어야 하지? 난 이해할 수가 없네...,1
이병헌이라 더 느낌있을듯 태리랑 잘어울림~,0
이 형은 연기력 하나로 모든 논란을 잠식시킨다...ㄷㄷ 기대되네,0
이병헌이 연기만 보면 국내 탑 아니냐?,0
이병헌은 어린 배우랑 연기해서 좋고 김태리는 연기천재랑 김은숙 작가랑 작업해서 좋고 윈윈이니,0
병헌이형 사슴 같은 눈망울을 보니 미워할 수가 읎다,0
무슨 아재들이 요거보고 지들도 어린애사귈수있다 생각을해. 아재들이 이병헌도 아니고 아재들도 알거 다알는데 하여튼 오버스러운건 니들이 최고다. 걱정도 별걱정을 ㅋㅋ아줌마들도 이병헌처럼 어린이성한테 대쉬도 해보고 그러고싶은데 외모도안되 능력도 안되 재력도 안되 성격도안되 ㅋㅋ 그런 자격지심이 무의식적으로 표출되는것도 병헌리 악플에 한몫한다고 본다,1
로맨틱 가이 병헌띠,0
멋지다 20살차이 적당하다 나도 영개가조아~ㅋ❤❤,0
기대할게요ㅋㅋㅋ이병헌연기면뭐ㅋㅋㅋㅋ홀릭배우ㅋㅋㅋㅋ,0
아니 실제도 아니고 영환데 왜 ㅈㄹ들이냐,1
완전 잼 날것같다연기신 이병헌 기대됩니다,0
연기자는 연기에 임하는 자세만 보면됩니다.이러쿵저러쿵 하는분들이 더 챙겨 보는듯 ㅋ병헌씨 기대합니다. 언제나 멋진 최고의 월드스타이십니다.,0
40대남자 배우중 20살 나이커버가능한 멜로배우 김민종 하나인데이병헌도 멜로를잘해서 이미지만 좋아지면 가능하다고본다,0
고맙습니다 40줄 접어든 남자인데 굉장히 몰입해서 볼거같네요 기대합니다 화이팅,0
ㅋㅋㅋㅋㅋㅋ20살차여도이병헌은 믿고본다.,0
이병헌때문에 본다 이병헌드라마 좋아요!!기대와 설렘♡♡♡힘내세요 아저씨,0
전부 이병헌 까네.돈 많은 이병헌이 여기 댓글다는 어자한테 잘해주고 대쉬하면 다 넘어갈꺼면서 너무까지 맙시다.나이많고 동안에다가 돈있음.어떤여자들이든지 다 넘어갈꺼 아닌가요?한국여자들은 돈있는남자한테 다 넘어가더구만...,1
김은숙작가 작품이라 기대됨. 이병헌 김태리 모두. 지금은 조용하다가 작품보고 얘기하자.,0
40대 남자연기자중 멜로투탑은 김민종 이병헌난딱 이둘만 인정한다 과거드라마봐도,0
여자는 되지만 남자는 아무튼 안됨ㅋㅋ 페미니스트 수준ㅎ,2
연기하나로 모든것을 커버하는 이병헌!얼굴 이미지 회사빨로 모든것을 커버하는 그외다수 아이돌연기자,0
하녀에서 김태리를 보았다.. 그리고는 팬이 되었다..,0
배우 이병헌은 언제나 옳은듯.. 게다가 모처럼 로맨스 작품 정말 기대중입니다!!^^,0
"드라마는 아직 까기 전이고.. 배우 본인도 아직 잘 모르겠다는데, 배우들 나이차로 일단 까고 보는 것은 이상하네요.",1
난리 피워도 다 볼 거잖아 ㅇㅈ?,1
"보기도전에 이병헌때문에 악플달지만김은숙작가 작품 주인공이면 매력쩔거같음..,",0
이병헌...엄청나구나..댓글이무쟈게쏫아지네..역시최고는다르다!션샤인~기대해,0
"아니 김은숙 얘기좀 그만 해 그럴만한 이유가 있겠지 이병헌 사생활 무마시키려는 건 아니지만 굳이 작가한테 자만이다, 오만하다 온갖 욕 해야 될 이유가 있냐고 어이가 없다 진짜 물론 태리 너무 불쌍하지만... 김은숙 팬으로서는 드라마 좋게 끝냈으면 좋겠다 왜 자꾸 작가 보고 미친 거 아니녜.. 김은숙이 비도덕적인 것도 아니고 미스터 션샤인 너무 기대 된다",0
제발 보고 판단하자... 이러다 재밌고 그러면 겁나 빨아줄거면서그리고 도깨비 공유랑 김소은 나이차는 어케 설명할건데?? 이병헌은 안되고 공유는 되고?,0
개티즌들의 역레발에 ~ 대박을 감지했습니다 !! 화이팅 ~,0
ㅋㅋㅋ이병헌은 뭐해도 웃기네 유머감각만큼은 인정한다,
근데 여기 댓글반응 황금빛 박시후 때랑 똑같은걸 ㅋㅋㅋㅋ 시청률 대박 예감 ㅋㅋㅋㅋㅋㅋㅋㅋㅋㅋ,0
이병헌이 극중 실제보다 어리거나 김태리가 더많게나올수도있지 별걸 다 트집이야,0
이병헌의 연기력을 믿는다,0
병헌이형존멋,0
솔직하게 솔직하게 재벌 남자랑 보통집 여자랑연애하는 경우가 많겠어? 아님 나이차이 많이 나는경우가 많겠어?어짜피 둘다 비현실이고 드라마다,1
직살나게 욕해도 막상 까보면 시청률 초대박 난다니께,1
어린 여자는 적이라니깐욧!!!!! 일부 여성들이 불편해 하시는 중입니다 ㅋㅋㅋㅋㅋㅋ 아니 ㅋㅋㅋ 성공적이라서 맘에 안드는건 이해하는데 나이차가 많이나서 불편하다니 ㅋㅋㅋㅋ 미친것들,2
그것만이 내 세상 잘 봤습니다.미스터 션샤인도 기대할게요!,0
연기하는데 나이가 뭔 상관임 자기보다 연기경험이 많은 연기자한테 배울수 있는 기회데 항상 부정적으로 보는지 모르겠다..,0
"아이고,.. 그냥 드라마는 드라마답게 접근해서 재밌으면 그만이지 20살 차이가 뭔 상관이람... 진짜 이상한 애들 많구나... 역시 헬조선 ㅇㅈ합니다",2
믿고보자,0
이병헌 연기로 까지마라~!,1
허구언날 더럽다 해봤자 드라마는 대박나고 이병헌은 신들린 연기 펼치겠찌,0
이병헌이 아깝다,1
남자가 많든 여자가 많든 다 큰 성인들끼리 로맨스 찍는게 뭐가 역겹지?ㅋㅋ여자가 많으면 로맨스고 남자가 많으면 더럽다는 이중적인 태도가 더 역겹고 토나오는데,1
역시 여자는 어린게 최고여~~~~~~~~~,1
뭐 어때 ㅋㅋㅋ 도깨비 밀회도 나이차 심했었는데,1
공유랑 김고은은 되고이병헌이랑 김태리는 안되는 마법이네이중성 오진다...,1
그럼 왜헐렁이들이 워너원을 좋아하나?,1
"아줌마들 이중성 오지네..서현진과 양세종은 괜찮고 이병헌과 김태리는 안 되냐? 왜 똑같은 이모 조카뻘에, 삼촌 조카뻘인데? 어차피 드라마이고 허구인데 뭐가 문제냐? 아, 니들은 현실을 구분하지 못 하는 거냐?ㅋㅋ",2
영웅은 호색이라는 말처럼 이병헌정도 되면 열여자를 거느려도 큰 흠이 없다. 그리고 여기서 열폭하는 여자들은 이병헌은 고사하고 지나가던 개도 안쳐다 볼거니 아무 걱정하지 말거라,1
뭐 공유랑 김고은 생각하면.. 믿어야죠,1
여자들 대부분 이병헌 싫어하더라 근데 남자들은 대부분 좋아해ㅗ 꼭 지들이랑 관련 1도 없는 이민정한테 감정이입하는 같잖은 년들ㅋㅋㅋㅋ,2
4~5살 밖에 차이 안나보임! 동안이고 김태리양이 노숙해 보여...,1
댓글보니 한국여자들 심각하네. 정신차리고 본인들 인생이나 잘사세요.,1
ㅜ ㅜ ㅜ또 시작이네요 어쩔수 없는 상황 하루가 못가네요 볼 분들 다 봐요 옷 털어 먼지 나지 않는 우리 대중님들 없을걸요 왜 그런지 알아요 사람이라 그래요 완벽이라 없는거 현실 늘 우선 과거는 과거일뿐,1
결국엔 재밌게 볼꺼면서 ㅋㅋ 개 오바싸고 있네 진짜,1
다들 엄청 촌스럽구만 남배우 연상도 많지만 여배우 연상도 많음. 유명했던걸로는 유아인 김희애 있고 현재 방송중인 것 중에서 도지원 연정훈도 있음 아침드라마 중 재벌2세 연하남이 애딸린 이혼한 아줌마 사랑하는 스토리 넘쳐나고 또 기본적으로 드라마는 여자들의 판타지를 충족시켜주는 스토리가 훨씬 많지 않나? 픽션은 픽션일 뿐. 드라마충들은 제발 현실과 드라마 구별 좀 하자,1
드라마 기대되는구만 본방 놓치지 않을꺼에요~!!,0
이번에도 증명할수있다.믿는다.,0
이병헌...꼭 성공해라ㅋㅋㅋ,0
초딩때부터 30대중반인 지금까지 참좋아하는 배우. 결국 드라마 뚜껑열면 분명 나이차를 떠나 시청자를 몰입하게 하는 흡입력이 있다고 믿음. 항상응원합니다♡,0
이병헌 니들이 아무리까도 우리나라 배우중에 원탑이고 정말 너무너무잘산다 열폭할시간에 한숨더자는게 낫다,1
근데 잘생기긴 진짜 잘생겼다....,0
연기는 절때 못까는분,0
거 생리충들 드라마 작작보고 일이나해 ㅋㅋㅋ,1
연기로는 깔게 음따난~~봐야지~,1
그렇게 불쾌하시면 보지마세요~ 아주머니들~,1
워너원 조아하는 매갈 헐렁이들이 머래?ㅋ,2
"웃긴 김치년들 ,김수미 할매가 조인성 언급하면 아가미 조용하면서 ,더러운것들",2
김태리 복도 많네.이 드라마 끝나면 몸값 오르겠네.김은숙 이병헌이면 거의 로또 수준이네요.,1
여자가 20살 어린건 애교 아니냐? 그 반대면 미친거지만,1
근데 이렇게 욕해놓고들 볼꺼잖아. 이런게 흥행을 하니까 방송하는 것들이 계속 이런걸 제작하는 거지.. 에휴.. 난 김은숙 작가꺼는 파리의연인 시크릿가든 도깨비 밖에 안 봤는데 이번껀 모르겠다,1
나왔다 메무새ㅋㅋㅋㅋㅋㅋㅋ 아주 세상모든것의 시초가 메갈이지 어휴!!!,2
이러면서 다들보겠징ㅎㅎ나도봐야징,1
그래서 안볼거냐 너네가? 그래도 볼거같은데? 피식,1
메갈들 홍합이 너무 넓어서 맛이 없다 ~~~~~~~~~~~~~,2
연기와 현실을 구분 못하는 건가.. ㅎㅎ40대 배우라고 해서 극에서 40대는 아닐거아냐 빠가들아...,2
응원해요,0
이멍박 댓글부대 제 1 표적 연예인. 일종의 본보기라 할 수 있지. 지금 베댓들 보면 알겠지만 댓글부대 없어질때까지는 고생할 듯 한데. 송 모씨처럼 따로 댓글 알바들 굴리는 수밖에.,2
이명박 니차례다!!! 댓글알바 청산 가자!,2
마음고생 많았겠다. 좋은 일만 가득하길,0
흥해라 규리야,0
그럼.. 그렇게 쓴 청산가리 관련 글 직접 본 사람 있어요? 댓글통해서 퍼진거 말고..진짜 궁금해서 그래요,0
과거 행동이 조금은 경솔했더라도! 앞으로가 더 중요하니까요! 화이팅입니다!!,0
나라꼴을 이렇게 만든건 이따위 댓글로 청산가리라는 자극적인 단어로 사람 매장시키고다시는 이런 말 못하도록 만든....적폐들이 만든 프레임에 돈받고 댓글달고또 아무생각없이 똑같이 동조하는 것들,1
일베충많네 블랙리스트 아픔이다 새끼들아,1
베충이들 댓글조작단은 이미 사라졌는데 뇌가 일원적이라 아직도 댓글 조작중 ㅋ,1
응원합니다. 악플말고 응원하는 사람도 많다는거 꼭 기억하세요.,0
진보의 아이콘으로 거듭나기를~!!! 화이팅입니다.,0
아픈 만큼 성숙한 배우가 되세요 올해부터는 하시는일 잘 되시구요^^,0
본인이 그런 발언을 한적이 없는데 몰아가는 일베충 클라스... 근데 한적 없는거 맞죠?? 본인이 해명좀...,1
응원합니다. 억울하게 정권 블랙리스트로 작품도 못하고...좋은 연기자에게 기회를 뺏어가버린 지난정부는 반성해라!!,1
촛불시위 덕에 우린 지금 30개월령 '미만' 쇠고기를 먹고 있는 거야. 이런 팩트조차 모르면 입 다물어.,2
연기잘하던데..힘내요,0
홧팅 ~~좋은 연기로 꽃길만 걸으세요~~~♡♡♡응원합니다,0
우파정부 지원받고 댓글싸질런던 우좀들아? 규리가 이섹이들아 너희들보다 잘못했나? 아니지? 우좀들아 사죄하고 반성하고 살아야 한다...,1
빨리 방송에 나와서 얼굴 보여주세요 보고 싶네요,0
댓글 및 추천인들 완전 혐오스럽다. 이거 완전 일베충하고 메갈충들 모임 아니냐 어휴 냄새나고 더러워,2
김규리 20년뒤에 치매환자 급발생하면 그 때 알거에요 진실한 그녀 죽기전에 미안했다구 ...당당히 생활하세요 당신이 틀리지 않았고 언론정보에 한나라에 한국민으로 당당히 행했다구 전 당신이 용감하고 당당하고 존경스럽습니다.,0
미인도를 잊을수가없는데. 다시 그런작품에서 만나길기대해요,0
힘내세요!^^,0
네 환영합니다^^,0
솔직히 김규리 잘못한 거 없는데 마녀사냥 너무한다,02
쥐닭때문에 고생했다...화이팅 하자...,0
고생했다 꽃길만 걸어라 이젠,0
힘내세요!! 악플이 아무리 많아도 응원하는 팬들이 더 많다는 거 잊지 말아주세요,0
블랙리스타만 아니었다면 전지현급으로 떴을텐데 이제는 응원합니다!,0
잘되길바랍니다 화이팅 소신있는게 죄냐 이싸이코들아,1
이뻐^^,0
이쁘긴하구나...,0
니들은 뭐 잘났다고 악플 쳐 쓰는데!,1
반갑네요^^ 그건 못봐서 몹시 궁금했었는데 좋은 활동 기대해 보겠습니다.,0
힘내세요. 응원합니다.,0
광우병이 없는 병이 아니라 실제로 있는 병인데 마치 없는 병인것처럼 선동 좀 하지 마라. 법원에서 이미 광우병이 허위사실이 아니라고 관련 재판에서 무죄판결을 내렸다. 그리고 30개월 이상 되는 소는 위험성이 크다고 판단해 타국에서도 수입 안 하는 걸로 안다. 근데 이명박정권당시 최승호pd가 30개월 이상 소가 위험하다고 팩트를 방영한 걸 가지고 우매한 시민들 선동했다고 빨갱이라고 욕해대니 답이 없다. 그리고 광우병 시위로 처음의 허술한 규제가 대폭 강화된 사실은 아냐? 이명박이 처음 협상당시 공개문건이 미국쪽과 달랐던 건 알고?,1
역시 낮에는 백수들의 뻘댓글이 많네 ㅋㅋ 알바비라도 벌어보려고..ㅋㅋ,2
김규리한테 왜들그러냐..국민모두가 불안감에 휩싸여 미국산광우병소고기 반대하며 촛불집회할때 했던 미국산소고기를 먹느니 차라리 청산가리를 먹겠다고 발언했던게 뭐가 그리 잘못됐다고 대체 몇년동안 우려먹는거냐,2
응원해요~!! 좋은 일만 가득하시길~*^^*,0
김규리 씨 그것이 알고싶다 잠깐 봤어요! 지난 10년간 잘 나가던 화이트리스트 연예인들은 이번 정권에서도 문재인 대통령 잘만 만나고 다니더만 안타깝습니다. 김규리(본명 김규리) 씨는 아직까지 시달리고. 앞으로 조금만 더 버티세요. 준비만 한다면 인생의 더 좋은 시기로 보답 받을 거에요.,0
항상 응원합니다 ♥,0
나도 청산가리 발언으로 엄청 싫어하기는 했지만 이미 오래전 일 아닌가요. 계속 물고늘어지는거 정말 저렴하고 추해보이네요.,1
여기 모욕댓글 다신고해주세요 해도넘하네요진짜 박사모 병나발들겠지만규리씨 화이팅하셔요절대 그냥넘어가지마세요!!!,1
광우병시위이유를 알고들말하시나 제대로 알고들 말하던지 무조건 미국소 먹지 말자가 아니라 특정개월이상된소들이 문제가 된것으로 안다 그리고 그 소들은 미국에선 개밥으로도 안먹인단다 결국 미국은 개도 안먹는 소고기를 우리나라에 판거고 정부는 싼고기먹으면 좋지 하면서 쓰레기를 국민한테 돈줘가며 먹으라고한거지 ㅋㅋ,1
마음고생 많았습니다. 미국이나 유럽이라면 정부가 이런일을 할 수가 없었겠죠. 훗날이런 이상한일도 있었다고 인구에 회자되겠죠. 힘내시고좋은 연기부탁드려요. 강한 연기 부탁드립니다.,0
많은 활동 기대합니다.,0
맘고생 많았어요. 이제 다 잊고 힘내세요. 응원할께요. 홧팅♡,0
그 당시 다 쇠고기 협상 욕할때 잖아... 청산가리 발언때문에 일베충들한테 찍혀서 고생이 넘 심했다. 일베충들 사람아니다.. 지들이 뭘 잘못했는 지 모름. 똑같이 당해봐야 정신 차림,1
전 정권때 광우병쇠고기파동때 소신발언해서 젤 피해가 컸던 여배우시죠 안좋았던 모든것들 다잊어버리시고 배우 처음 하실때 마음가짐으로 세상 잘 헤쳐나가시길 기원합니다 화이팅!,0
30대남자.. 보수꼴통들이 실시간으로 댓글달고 난리치는듯김규리씨 응원해요!!♡,1
블랙리스트에 올라 오랫동안 활동하지 못한 김규리님의 소식을 듣고 마음이 아팠어요. 2018년 부터는 좋은 일만 있길 바라고 좋은 작품에서 만나뵙길 바래요. 화이팅!!!,0
여기 악플 다는 것들 싹다 고소하세요털어보면 댓글알바나 일베 꽤나 나올 겁니다,1
응원합니다,0
김규리까면 일베충입니다 여기 일베충 천지네? 세스코 불러서 다 죽여야겠다 ㅉㅉ 일베충은 죽여도 무죄임,1
김규리의 연기에 한표! 칭찬해!,0
미인도 대박쳐서 막 전성기 치려고 할 때 쥐 한테 찍혀서 완전 전성기를 고생하면서 보낸...제2의 전성기를 누리시길,0
신경쓰지마세요 박사모 그냥 질끈 밟아주셔요^^,0
규리누나 사랑해요♡ㅎㅎ,0
한심한 악플러를 이제 고소 하세요 캡처한거 소속사로 보내드릴께요 고소가 답이다.,1
악플러 잡으면 30~50대 남자가 그리 많다더니 네이버 댓글 수준 구역질난다. 한남 놈들 댓글 신경 쓰지마세요. 김규리님 꼭 잘하실거예요.,2
그 미국가서 햄버거가게가서 먹는거 찍은 프로그램이 광우병소파동 나기전에 녹화한건데 파동나고 글올리고나서 때마침 그 프로그램이 방영된거고 모지리들아 제발 깔거면 제대로 알고까라ㅡㅡ대역죄라도 지었냐? 아주 사람하나 보내려고 작정한것들 같어ㅡㅡ연예인들이 괜히 우울증 쉽게걸리는게아니지 ㅉㅉ,2
이멍박 댓글부대 제 1 표적 연예인. 일종의 본보기라 할 수 있지. 지금 베댓들 보면 알겠지만 블랙리스트 댓글부대 없어질때까지는 고생할듯 한데. 화이트리스트인데도 따로 댓글 알바 굴리는 송 모씨라든지 다른 연예인(기획사)들처럼 모니터링 알바 굴리는 수밖에.,1
진짜 잘됐음 좋겠다,0
짝짝짝~힘내세요~,0
김규리 김미화 김구라 김제동 다들 행복하길^^,0
말한마디 잘못했다가 온갖 욕을 먹느라 얼마나 힘들었을까.. 그 아픔을 견뎌 냈으니 앞으로 남은 생은 좋은 일만 있을 것입니다 ~,0
나라가 망해도 정신못차릴 쓰레기댓글부대들아니 자식들이 살아갈 나라다생각좀 하고 글써라 나라 다 팔아먹고 사기치고 세금 다 도둑질 한 정권이다이 모지리들아ㅅ청산가리 고만 들먹거리고 책이나 좀 읽어라,1
좋은 연기활동 기대할게요,0
연예인도 사람이다사회적 문제에 대하여 당당하게 말할 수 있다당시 미국산 소고기 체결은 갑자기 불합리하게 미국쪽으로 기울어졌고 국민의 한사람으로 그런 글도 올릴수 있다온국민이 나와 촛불을 들었다그래서 이후 보완되어 다시 체결이 이루어졌고광우병은 그렇게 빨리 안나타날수도치매로 죽어도 광우병인지도 모르고 그동안 자신이 불이익 감수하고 사회적으로 목소리 낸 연예인들에게 미안한 맘 갖고 살자,1
김가연처럼 악플러들 싹 고소해버리지 왜 참는거지? 그래야 아가리싸물고 봐달라고 질질 짤텐데..,2
니들 세금으로 장난쳐서 감옥가게 될 명박이 근혜가 문제가 아니라청산가리만 댓글로 치고 있는 니들이 사회악이다,1
누구나 한마디 할수 있고 그말이 실수일수도 있지만 공인이라고 욕먹는건 좀 아닌듯하네요 연예인도 똑같은 사람립니다.,0
진즉에 나왔어야죠.홧팅합시다!!!!,0
왜 조롱당해야하는건지 미국산소고기 반대한게어때서??? 난이명박 한짓때문에 미국산소고기 아무리 헐값이라도 쳐다도안봄,2
그 10년의 시간...누가 보상을 해줘야하나... 그 동안 돈 벌었으면 건물 하나 세우고도 남았을 텐데...명박이 사재를 털어야하나.,2
"얘는 벗은 몸매, 정말 예쁜데 잘 안 벗는다.",1
몸매 ㅎㄷㄷ한 언니 화이팅,0
새해라도 못된것들은 못됐구나 ^^뭐하는 ㄴ ㄴ들일꼬,1
화이팅하시고 방송많이하세요 이제부터 대길이에요ㅎ~~,0
닭그네 때문에 눈치보고 주눅들었던 대구갱북 2-30대 릴베충 얼라들하고 50대이상 대구갱북 틀딱 닭사모들 힘들 내거라. 오늘 그린일베님이 니들 힘내라고 릴베충 최상급 미끼 김규리 기사를 던지노라.,2
김규리씨 당당하다면 이제 대중 앞에 나와서 활발히 활동하면서 본인의 능력을 제대로 발휘해주세요. 그래야 곱지않게 보던 대중들도 당신의 능력을 인정해주지요. 정권도 바꼈고 이젠 나라탓 누구탓도 아닌 스스로가 활발한 활동을 해서 악플을 이겨내야 할 때라고 생각됩니다. 솔직히 좋아하는 배우는 아니지만 악플들이 많아 안타깝네요.,0
김규리가 뭔 작품을 많이 해. 그나마 나온 영화들은 저예산 영화들인데. 아직도 벌레들 우글 우글,2
응원합니다~!,0
댓글 다는사람들이 다 비슷하네아직도 알바가있는듯붙여넣기왜함일베 아직도활동하냐,2
꽃길만 걸으세요,0
데뷔초에 연기도 열심히하고 끼도많은거 같앗는데 크게 못뜬케이스.. 2018년 부터는 대박나세요~~ 좋은일도 많이 하시구요,0
혜안이 빛나는 분...광우병으로 EU에서 2명 죽어서 유럽에선 미국소 금지를 20년까지 함..,0
힘내세요 그 동안 악플들로 많이 상처 받으셨단 것 압니다. 그런 말들 듣지도 말고 읽지도 말라고 말씀드리긴 힘들겠지만 그래도 상처 안 받으시길 바래요. 항상 응원하는 사람도 많습니다. 힘내시고 앞으로의 행보도 기대하겠습니다.,0
김규리(김민선) 난 얘가 진짜 예쁘다고 생각함. 그래서 미인도 엑기스 저장해놓고 생각날 때마다 봄.,1
댓글 너무 심하다ㄷㄷ,0
닭대가리정부 시절에 블랙리스트 올라감요,2
일베충 좌표찍고 가두리 양식중.. 대구 경북 일베충 풍어로돠~,2
얼마전에 남편 죽은애 아닌가?,0
네이버에는 아직까지 일베놈들이 많은가보다...,2
굳건히 이겨내시길 바랍니다. 대중의 뇌리에 각인된 것들이 사라지게 하려면 많은 노력이 필요한거 같습니다. 그것이 알고싶다에서 심경 말씀하실때 저도 울컥했네요. 다는 아니여도 그 마음을 어느정도 공감할 수 있었습니다. 좋은 활동으로 다시 도약하시길 바랍니다.,0
이참에 양악이랑 가슴도 하자,1
아주 대형공사 하나보네 가슴도좀 키워,1
성형 밑밥ㅋ,1
"울랄라 임윤태는 암걸리고도 무대섰는데, 하니 덕분에 연금받으면서 일두안하네;;",1
감상선 죽을병도 아닌데 질질끄는 이유는?,1
흉터 남길,1
갑상선 가지고 너무 호들갑아닌지.. 요즘은 3~4일이면 퇴원합니다.,1
하니혼자 뼈빠지게 일하면 뭐함. 다른멤버들은 질투나하고 안 도와주는데,1
와 갑상선에 문제있으면 눈알 튀어나온다는데 한번 보고싶네 국내최초 눈알튀어나온 아이돌 눈알돌 솔지,2
노래땡기다 눈알 튀어나오면 그것또한 명장면이긴 명장명이겠다카이,1
성형 엄청나네,1
성형 개꿀 ㅋㅋ,1
핑계고 그냥 성형수술 받는거네 으이구,1
솔지도 이재33살시다되간다 ㅅ,1
지금 눈알 튀어나온 상태인거임?,1
돼지됐네,1
성형수술 또 햇냐,1
사각턱 수술도 해야 할듯,1
"갑상선은 암도 감기급 취급인데, 암조차 아니면서 아픈척 ㄷㄷㄷㄷㄷ",1
요즘은 성형을 이런식으로 핑계대고하네,1
술 좀 끊어라 말 술 마시는 사람 치고 몸에 이상 안 생기는 사람 못 봤다,1
"이젠 대놓고 성형홍보를 하고 있네,,, 가수가 근사한곡으로 자신을 소개해야지,,, 낯짝개조가 이슈가 되다니,,, 그나저나 이쁜이 수술은? ㅋㅋㅋㅋ",1
99%성형물...이죠...과거 사진보면 경악을 하십니다,2
은퇴각,0
안궁금 ~<,0
저런 성형수술도 잇엇나 얼마나 뜯어고치길래 이름이 거창해,1
89년생 실화냐 ㅋㅋㅋㅋㅋㅋ 그것도 빠른 ㅋㅋㅋㅋㅋ 빠른이라서 올해 31살 푸풉 ㅋㅋㅋㅋ 2~3년 전부터 기본 90년대 후반생부터 00년대생 여자애들도 쏟아져 나오는 판국에 이젠 나이 격차도 눈치 보일 테고 양심적으로 아이돌 자격 박탈감 아니냐 ㅋ 걍 솔로 활동 해라.,2
술좀 줄이고 건강생각했으면 좋겠습니다.,0
걸그룹 원탑 트와이스,0
수술하는김에 쌍커풀수술도하겠구만,1
진짜 못생기긴했다..술집가면 저런언니들많은데..,1
쌍수도 같이하는거아녀?,
담배좀 그만펴,1
성형만은 하지마라 성형만은,1
솔로해라 왜 시궁창에 들어가냐,1
여보...아프지마~수술 잘받고 건강회복 잘하고^^언능 이뿐얼굴로 좋은노래 마니마니 들려줘,0
라면에 밥 말아 먹고 잤냐? ㅋㅋㅋㅋㅋ,1
성형인가요,1
병으로 쉬는데 얼굴은 꾸준히 손보는거같은데...,1
일본방사능에 피폭된건가..원인이뭐죠,1
건강이 최고지 이참에 은퇴,1
EXID 팬 다떨어져나간거 실화?,1
안면감압술은 없나? 많이 빵빵한데,1
성형부작용입니다 ㅋㅋㅋㅋㅋㅋㅋㅋㅋ얼굴바라 부자연스러운 모습 ㅡㅡ..,1
"솔지는 언론에 나오는 기사와 방송에서 본인이 말하는 것 등등 모두 따져보면 감성팔이 진짜 오지게 하는거 같다... 댁 삶이 어떻게 나와서 불쌍한척, 피해자코스프레 좀 적당히 했으면",1
안구돌출이면 막 한무씨처럼 그런게되나요? 더튀어나오려나,1
얘는매번아픈거밖에안나오냐 접던가하지 하참,1
김숙도 안와감압술 수술좀 받아야겠더라..,0
그만하자..,0
솔지 누나 34살 맞죠?,0
임원희닮음,0
군대 선임이 병장 때 갑상선 암으로 의가전역 했는데..그 사람도 눈이 막 튀어나올 것 같았음,0
솔지 솔비 솔빈 솔라 솔찬희 헷갈리네.,1
술은 좀 줄이자 음주랑 흡연은 만병의 근원이다,0
트둥이들 2018년도도 힘차게 샤샤샤 하장 ♥,0
안와감압술=아놔 가망없성 2월복귀는 어려울듯.,1
솔지 그러면 일본축구 선수 혼다처럼 안구돌출되는거임??,1
신이 모든걸 빼앗고 노래만줬구나,0
솔지누나 내꺼,0
얘는 턱이 왜이래?,1
많이한듯 살올랐네ㄷㄷ,1
눈 마니 나왓나부다 감압술도 하고 나랑 똑같넹 ㅋㅋㅋ,1
머리긴 임원희,1
헐? 눈 튀어나오는 병도 있나,1
혜린 혼자론 확실히 역부족,1
눈튀어나오는병인데,0
솔지 없으니 재미없다 언넝 완쾌해 삼촌팬의 어명이다,0
방송나와서 술먹는거 자랑하고 할때부터 쎄하더라 건강은 자랑하는거 아니야,0
남자68프로~ 얼평질에 성희롱에 인성들 오지고요~ 여적남들ㅉㅉ 거울좀 봐 제발ㅜ,0
일본 축구대표 혼다도 비슷한증상이었는데..,0
이 그룹은 뭔가 까방권이 있음 ㅋㅋ호감가는데 잘되길 빈당,0
무리하지말고 2월에 복귀 못해도 돼니까 옆집처럼 탈퇴만 하지 말아다오 솔지야~~,0
난 솔비라고 잘몰 읽고 들어왔다 얼굴보고 솔비가 아니라서 성형 많이 한줄 앎...,0
EXID 광팬인데..솔지 없으니 그냥 노래도 안무도 다 밋밋함 솔지없이 나올거면 개인적으로 안나왔으면 싶음~,1
걸그룹활동은 힘든데 솔로로 활동하지...쾌차하시길,0
매일밤때부터 즐겨들었고 역주행후 이제 빛좀 보는가 했는데...운이 없어도 너무없다.,0
메인 사진이 왜케 이상한걸 갔다 박아놧냐 ㅠㅠ,1
어서나오시오~~~,0
별 들어보지도못함 병들 엄청많네,2
임원희 닮긴했당ㅋㅋㅋㅋㅋ 얼른 복귀해주세요~,0
좀 심각하네요...,1
솔지 욕하는 놈들 문재앙 저주나 받아라.,1
언넝복귀바람 4명나올때 안쓰러움,0
원희형 빨리와라,0
EXID 솔지없으니 음악이 영~어여나아서 돌아와요,0
다행이네,0
솔지 조낸 이뿌네...,0
보고싶다 솔지양 건강하게 돌아오세요~,0
이드라마보니 크게한탕해서 깜빵갔다오는것도 괜찮은거같어 살기좋아보이더라고,0
범죄자들 미화 드라마. 드라마 보고 그런소리하라는 소리 하지마. 볼생각없어 돌아가,2
냐영석 찌끄러기 ㅋㅋㅋㅋ 신원호가 갑이네 ㅋㅌㅋㅋㅋ,0
어제 처음봤는데 주인공은 왤케 특혜를 많이 받아요??,1
비현실적.,1
굳이 동성애 코드를 넣었어야했나.. 이제는 동성애를 찬양하는 드라마가 나오겠구만? 저번에 EBS에서 LGBT가 나오더니... 세상이 미쳐돌아가고있네,2
아주 재밋게 보고있고 기다려지는시간 제공해주셔서 감사합니다. 초등학생얘들도 좋아해서 같이보고있는데 욕과 눈을팠다던가 하는 잔인한 내용이 나오면 좀 불편한거 빼고는 만족합니다~,0
헤롱이 귀여운데... 하필이면... 순수에 똥칠한 느낌,0
재밌어서 잘 보고 있긴한데 범죄자 미화가 좀 심한 듯. 다 반전있고 이유있다는. 갈수록 심해집니다.,0
예고편 유대위 머리 ㅋㅋㅋㅋㅋㅋㅋㅋㅋ,0
아~진짜 ㅋㅋㅋㅋ 해롱이 어쩔~~ㅋㅋㅋ,0
해롱이 마약사범에 동성애자엿음? ㅡㅡ,0
해롱이 어제 진지해서 나 깜놀ㅋ 매력터지는 캐릭터야~~ 어제 너무 힘들어해서 펜달~~ 펜달~~하나 주고싶었엉~~~ ㅋㅋ,0
아 못봤는데 야근 야근 이놈의 야근 때문에 아,0
혼자서 있었군여 ㅋㅋ,0
넘 귀욤귀욤 보디가드~~~~,0
재밌어요~~~~,0
잘보고 있습니다~보디가드 우와 멋짐ㅎ~해롱씨는 비숲때랑 어쩜 180도 캐릭터 깜놀~,0
캐릭터 하나하나 살아있는 듯 하네용 본방 사수한 드라마가 몇년만에.. 캬 좋습니답,0
해롱이 분 도깨비때 김고은 난간에서 괴롭히던 놈? 완전 다른분인듯ㅎ 넘 웃기고 연기 잘해요~~^,0
어제 방송보고도 느꼈는데 첫번째 사진 보니..부처님....같다는 생각이...,0
라면은....띤라면,0
너무 재밌어서 행복해요ㅜㅜㅜ 인생드라마ㅠㅠ,0
슬기방 보디가드팀 사랑해요~,0
많을걸 감성을느끼게하는 드라마~ 참 감사한드라마다,0
신원호는 진짜 사람볼줄아나? 응답시리즈에서도 신인들을 무더기로 발굴해내더니...감빵에서도 캐릭터 하나하나가 참..기가 막히다..,0
아주 한회 한회 스토리 너무 짱짱하고캐릭터들 누구하나 빠지지 않고완벽하다 진짜,0
해롱이 넘 웃겨요~ 모두가 주연 맞아요^^,0
요즘은 이런게 좋더라...재벌이나 전문직들이랑 어찌어찌하다 연애하는건솔직히 지겹다...,1
감빵 밖은 위험해,0
택이 아부지 카리스마 뿜뿜,0
역시 한주 기다린 보람이..실망시키지 않아서 감따합니다,0
손에땀을쥐고봤네요~~어찌될까봐ㅋㅋㅋ오늘도잼있겠어용~~~,0
이디와 형이 디켜두께,0
아싸 ~ 오늘도 볼 수 있당 ㅎㅎㅎ,0
헤동아 OOO 도다오면 안된단~~~,0
드라마는 드라마일뿐.현실하고 혼동하지말자.교도소는 학교가 아님.,1
조선마술사 할태는 무서웠는데 여기서 헤롱이 너무 귀여우신듯 ㅋㅋㅋ,0
작가님이 웃음 포인트를 아네 ㅋㅋㅋㅋㅋㅋ 아놔,0
이거보려고 월정액 결제 ~~,0
감빵생활 욘나 대미떠,0
넘나 재밋는것 배우분들 화이팅,0
요즘 해룡이 보는 낙?ㅋㅋㅋ너무 귀요미 ㅋㅋㅋ 해롱이나오는 장면은 다재미있슴 ㅋㅋㅋ저번주 결방으로 멘붕~?,0
나 어제 똘마니 까는 방장 아저씨 카리스마에 개사이다였음!!! 존잼! 꿀잼!!!!!!!,0
대끼 대끼 OOO~~~ㅋㅋ 넘나 웃겼어요!!^^,0
아.. 혀짧아찌 피고인에서 지성편 부장검사..실화냐......,0
해롱보디가드 진짜웃김,0
설마 팽부장 빠지는거 아니겠죠ㅠ,1
이거 너무 재밌다 드라마보는걸 시간낭비라고 핀잔주던 남편이 몰입해서 봄,0
"유대위 빨리 재심으로 잘 되었으면 하는데, 그러면, 드라마에서 못 봐 ㅠㅠ",0
드라마다 드라마로 봐라. 감정개입하지말고!,0
2상 6방 어벤져스 멋짐폭발!!! 나도 헤롱이 귀여움에 한표~♡,0
정말쓰러저요~~^^넘재밌고감동까지!!!!역시최고,0
배우들이 잘한다 느껴지시면 실명 기억해 두셨다가 다른 작품에서도 응원해 주세요. 이름이 잊혀지지 않도록.,0
아이 정말 !아침에 눈이 안뜨지잖아 어제 본방 못봐서 밤늦게 재방 보느라 졸려 졸려 !내가 분명 한시간 봤는디 10분만 본것같아 왤케 빨리 끝나는것이여 ...,0
짱짱짱 넘넘 재미있음ㅎ,0
똘마니가 방사람들의 정을 부러워할듯,0
감빵생활을보면서 이렇게유쾌하고 인간미넘치고 웃으며보게될줄이야 넘재밌어요,0
나쁜놈없는데현실서나쁜놈않은세상,0
박해수 연기ㅠ 특히 눈빛 ㅜㅜ 어제 진짜 지렸다!!,0
유대위미모실화냐,0
김제혁이 여기들어온게 폭행치산데ㅋ빠박이 잘못건드림ㅋㅋㅋ여기 주조연할거없이 캐릭터들 너무잘살림ㅜㅠㅠ,0
아 어제 꿀잼ㅋㅋㅋ,0
해롱이랑 카이스트 좀보여조,0
조마조마하네 김제혁잘못될까봐,0
재밋어죽는줄알앗네,0
볼수록 참 드라마 잘만들었단 소리가 나와요보는 재미도 있고 감동도 있고요즘 이 드라마 기다리며 지내요~^^,0
모두가 주연!!,0
슬빵 시즌2가요~~~~~~~,0
양귀비의 꽃말이 해롱이래~~ㅋㅋㅋㅋㅋ해롱이넘나귀여워~~,0
감독님 시즌2 만들어주시면안될까요?세트장도 걍 버리시기에 넘 아까우시다면서요 please~,0
정말 잼이서요.해롱이 귀여워,0
캐릭터들이 다들 매력있고 연기도 잘해서 볼맛남 ㅋㅋ 역시 신원호pd님의 눈썰미 굿~ㅋ,0
나진짜해롱이때문에미치겟어 너무기여워 너무웃겨ㅋㅋㅋㅋㅋㅋㅋ,0
슬빵 디날 땀 따 먹을 만큼 뎀 떠ㅋㅋㅋ,0
슬감~~넘 잼나요..해롱이~~어케♥♥ 찔레꽃의 꽃말~~ 김선수 답소~~빵터짐~,0
아... 어제 조카가 피고인 재방본다해서 보다가 문래동 카이스트 아저씨 검사로 나오는데 ㅠㅠ 적응안돼!!! ㅋㅋ 헤롱이랑 문래동카이스트.. 앞으로 작품 우째하냐 ㅋㅋㅋ 넘 케릭터 쎄고 잘잡아서 ㅋㅋㅋ 오늘도 기대합니다!!,0
양귀비 꽃말은 헤롱이에서 개웃겼음ㅋㅋㅋ,0
어제 방송 빅재미. 코미디 프로보다 크게 웃음 ㅋ,0
어쩜 저렇게 연기를 잘하시는지ㅋㅋ대단하심 다들 연기천재들만 모인것같음ㅋㅋ,0
어제 너무 재밌었음 ㅋㅋㅋ 든든한 보디가드들! 헤롱이 게이 왜케 귀여워 ㅋㅋㅋ신피디님. 게이역은 꼭 넣으시네 ㅋㅋㅋ,0
게이인줄은 처음 알았네그래도 재밌다 헤롱이도 헤롱이지만아 혀짧은 연기하시는분ㅋ웃겨죽겠네,0
다들 넘귀여워요.,0
해롱이 어제 똥을피하느냐 칼을피하느냐 고뇌할때 개웃김,0
아... 어제 핵사이다 박해수님 정말멋있었어요~~!!드라마가 너무 재밌어요~~ 배우님들 연기 굿~~,0
제혁이가 빠박이 줘패는거 사이다라 너무 좋은데 변호사 제발 배신하지 않길...,0
무슨 교도소에 현실에서도 보기힘든 잘생기고 귀엽고 멋있고 배려심에 의리에 인성까지 좋은 사람들이 아주 골고루 다 있음 ㅋㅋ 암튼 너무너무 잼있다,0
유대위 볼수잇어 행복,0
"다른 캐릭터는 이름 써줬으면서 장기수 아니고 김민철씨, 민철씨 입니다 극중 이름... 민철씨가 똘마니 제압할때 겁나 멋졌음요",0
너무 재밌어요.주.조연 할것없이..연기짱!작가.피디..모두 훌륭.종방으로 가는거 막고싶어요,0
출연진 전원 명배우십니다.,0
양귀비 꽃말은? 헤롱~~ㅋㅋ,0
디랄 땀따드세요~자꾸 이대사가 귀에맴돌아요~ㅋㅋㅋ아!!!배꼽이야....너무잼나요 한영이 보드가드자세 넘웃겼음~^^,0
이거보는낙에 살아요,0
때끼 때끼 개 때끼~~전혀 욕같지 않아ㅎ,0
해롱이카이스트 넘웃기다 ㅋㅋㅋㅋㅋ,0
"문재야, 니는 그기 문제다 문재야",1
아...누군지모르겠다고!!,1
이사람들 알정도면 티비 적당히 보고 살아라.,1
문재야 그래서 니는 문재다 문재야.,0
오늘 방구냄새가 왜 이리 독하지...,1
이문재가 키말고 또 다른 문재가 있나보네,1
두분 부동산티비에서 잠깐 본 기억이 있습니다..,0
좋은 선후배로 남았는지 나쁜 선후배로 남았는지 그냥 선후배로 남았는지 어케 알았냐? 근거를 대란 말이야 뭔 말을 할때는 ㅉㅉ,2
여자쪽이 인스타에 보니까 차도 사달라 반지도 사달라 이러는거보니 이문재가 부담 느낀듯... 여자는 돈도 없고 몸뚱아리 하나 갖고 올려고 했는듯!!,1
그래그래 서로 윈윈 했다치자....잘 추스리고 캔디TV 에서 열심히 하자,0
그냥 결별이 아니라 파혼? 헐...,1
누군지 나는모른다.,0
점심은 짜장면이죠,0
응 안궁금해. 솔직히 일반인이랑 뭐가 다르지 인지도가,0
이문재는 알겠는데 여자는 잘...,0
그냥 동료로 남았다고 하든가 좋은 선후배라니.. 파혼하고 어케 좋을수 있냐,0
이런것좀 기사 내지 마라 둘이 연애한지도 몰랏고 결혼 할려고 하는지도 몰랏다 개 그지 같은 기사점 올리지 마라 저것들 파혼 하는거랑 나랑 먼 상관 이냐,0
안타깝네요. 파혼할 수도 있으니 힘내서 다시 새로운 사랑 찾으세요~,0
준비 과정 혼수나 서로 부모님중 문제 아닐까싶다,0
파혼했는데.. 좋은 선후배가 가당키나 하냐? 이제는 길가다 마주쳐도 못 본척 모른체 할 사이겠구만..,1
이혼보다는 파혼이 백배나요 잘하셨어요!!,0
이혼보다 파혼이 났고 파국보다 이혼이 났지,0
뭐 이혼도 아니고 안 맞으면 빨리 헤어지는게 좋지,0
헐.. 참 안타깝네..,0
둘 다 누구야 ㅋㅋ 이런 기사도 써주고. 그나저나 결혼은 하지 마라. 지옥이다.,1
상견례하고 신혼살림사고 결혼준비하면서 틀어지는 사람 허다함. 아니다싶음 빨리 끝내는게 현명.,1
그래도 법적으로 깨끗하니 다행이네요..,0
이문재 이상구랑 했던 나쁜사람 코너 웃겼었지 연기력좋음,0
결혼은 현실이다. 뭐 그냥 하지.. 이런생각으로 하면 안된다. 빨리 결정하는게 옳은 것이다.,0
잘하셨어요~~ 멀리 갈거 없이 아니다싶음 각자의 길 가는게 맞아요~~ 힘드실테지만... 시간이 해결해 주더라고요~,0
파혼보다는 그냥 이별이 낫지만 그래도 이혼보다는 파혼이 낫기에 아니다싶으면 빨리 돌아서야지,0
결혼 전에 이렇게 된건 차라리 서로에게 잘 된거지. 맞지 않는데 억지로 결혼하는 것보다 백배 낫다고 봄. 둘 다 더 잘맞는 사람 찾으시길~,0
결혼식 올리고 후회하지 말고 파혼하는 게 나을 수도 있음,0
누군지모루겟다,0
이런 일은 어떻게 알고 기사 내는거냐진짜 졸졸 쫓아다니나,1
이혼보다는 나은것 같아서 좋습니다. 좋은 선후배로 잘 지내시기를...,0
결혼한다 해놓고 좋은 선후배로 남는다...이게 말이 됨...?,1
한다혜는 기영이 세컨드 빼곤 누군지 모르겠다.,0
뭐 안타깝지만 결혼해서 이혼하는 것 보단 아무래도..,0
